date,campaign_name,objective,publisher_platform,spend,impressions,clicks,conversions,conversion_value,ctr,cpc,cpa,roas
2026-02-21,Campana_BOFU_3,CONVERSIONS,facebook,102.71,11275,140,9,614.14,0.0124,0.73,11.41,5.98
2026-01-15,Campana_BOFU_2,OUTCOME_LEADS,facebook,396.58,29471,885,10,495.01,0.03,0.45,39.66,1.25
2026-03-13,Campana_BOFU_3,CONVERSIONS,instagram,249.8,17424,411,16,807.14,0.0236,0.61,15.61,3.23
2026-03-02,Campana_BOFU_2,OUTCOME_LEADS,facebook,409.32,22917,255,4,263.2,0.0111,1.61,102.33,0.64
2026-01-21,Campana_BOFU_2,OUTCOME_TRAFFIC,audience_network,284.73,17645,567,9,313.73,0.0321,0.5,31.64,1.1
2026-03-24,Campana_BOFU_1,CONVERSIONS,facebook,353.68,40562,548,34,1941.7,0.0135,0.65,10.4,5.49
2026-03-28,Campana_BOFU_2,CONVERSIONS,instagram,372.25,45945,1417,39,1982.12,0.0308,0.26,9.54,5.32
2026-03-16,Campana_MOFU_2,CONVERSIONS,facebook,114.72,5816,159,9,630.96,0.0273,0.72,12.75,5.5
2026-03-16,Campana_MOFU_1,OUTCOME_LEADS,audience_network,275.58,12694,430,4,159.11,0.0339,0.64,68.9,0.58
2026-03-29,Campana_BOFU_2,OUTCOME_LEADS,audience_network,81.71,4767,103,1,26.18,0.0216,0.79,81.71,0.32
2026-01-24,Campana_MOFU_1,OUTCOME_TRAFFIC,facebook,416.29,21416,259,3,193.31,0.0121,1.61,138.76,0.46
2026-01-03,Campana_MOFU_3,OUTCOME_TRAFFIC,facebook,60.35,2747,89,0,0.0,0.0324,0.68,0.0,0.0
2026-01-22,Campana_MOFU_2,CONVERSIONS,instagram,379.92,45398,1491,107,6283.52,0.0328,0.25,3.55,16.54
2026-02-22,Campana_MOFU_2,OUTCOME_TRAFFIC,facebook,338.75,34196,1000,14,453.98,0.0292,0.34,24.2,1.34
2026-01-02,Campana_MOFU_1,CONVERSIONS,instagram,415.14,32998,573,36,1958.19,0.0174,0.72,11.53,4.72
2026-03-29,Campana_BOFU_3,OUTCOME_TRAFFIC,audience_network,76.27,8156,174,1,84.46,0.0213,0.44,76.27,1.11
2026-01-30,Campana_BOFU_1,CONVERSIONS,audience_network,135.75,13332,183,9,795.69,0.0137,0.74,15.08,5.86
2026-02-07,Campana_BOFU_1,CONVERSIONS,instagram,389.37,24085,312,11,496.6,0.013,1.25,35.4,1.28
2026-01-02,Campana_MOFU_3,OUTCOME_TRAFFIC,audience_network,106.31,4609,62,0,0.0,0.0135,1.71,0.0,0.0
2026-03-05,Campana_MOFU_2,CONVERSIONS,instagram,378.91,22078,351,22,1304.54,0.0159,1.08,17.22,3.44
2026-03-01,Campana_MOFU_3,CONVERSIONS,instagram,231.2,11255,121,4,119.63,0.0108,1.91,57.8,0.52
2026-01-21,Campana_BOFU_3,OUTCOME_LEADS,instagram,405.38,25328,750,14,1114.21,0.0296,0.54,28.96,2.75
2026-02-02,Campana_MOFU_2,CONVERSIONS,facebook,111.56,10736,280,5,158.84,0.0261,0.4,22.31,1.42
2026-03-17,Campana_MOFU_2,OUTCOME_TRAFFIC,audience_network,298.94,28401,303,2,143.89,0.0107,0.99,149.47,0.48
2026-02-27,Campana_MOFU_3,OUTCOME_TRAFFIC,facebook,76.37,5565,93,0,0.0,0.0167,0.82,0.0,0.0
2026-01-22,Campana_BOFU_2,OUTCOME_TRAFFIC,facebook,105.43,16209,209,2,104.79,0.0129,0.5,52.72,0.99
2026-03-30,Campana_BOFU_2,CONVERSIONS,audience_network,286.77,23161,701,29,789.52,0.0303,0.41,9.89,2.75
2026-02-18,Campana_MOFU_1,CONVERSIONS,facebook,193.09,11710,231,8,693.2,0.0197,0.84,24.14,3.59
2026-02-28,Campana_MOFU_3,CONVERSIONS,instagram,261.11,10561,218,6,339.06,0.0206,1.2,43.52,1.3
2026-02-11,Campana_BOFU_1,OUTCOME_LEADS,facebook,250.61,13894,207,1,79.27,0.0149,1.21,250.61,0.32
2026-03-01,Campana_MOFU_1,OUTCOME_LEADS,instagram,406.75,21258,562,9,534.85,0.0264,0.72,45.19,1.31
2026-03-21,Campana_BOFU_2,CONVERSIONS,instagram,44.22,3227,69,4,127.71,0.0214,0.64,11.06,2.89
2026-01-15,Campana_MOFU_3,CONVERSIONS,audience_network,406.51,17984,433,24,1637.46,0.0241,0.94,16.94,4.03
2026-03-03,Campana_BOFU_2,CONVERSIONS,facebook,197.17,14847,326,7,250.66,0.022,0.6,28.17,1.27
2026-03-03,Campana_BOFU_3,CONVERSIONS,audience_network,54.3,2629,25,1,53.42,0.0095,2.17,54.3,0.98
2026-02-16,Campana_MOFU_1,CONVERSIONS,audience_network,144.25,8605,179,10,858.94,0.0208,0.81,14.42,5.95
2026-03-03,Campana_MOFU_2,CONVERSIONS,instagram,28.56,2600,62,1,57.26,0.0238,0.46,28.56,2.0
2026-02-20,Campana_MOFU_2,OUTCOME_TRAFFIC,instagram,286.15,19063,329,3,155.49,0.0173,0.87,95.38,0.54
2026-02-24,Campana_MOFU_2,OUTCOME_TRAFFIC,instagram,214.96,28881,291,1,87.9,0.0101,0.74,214.96,0.41
2026-03-05,Campana_MOFU_3,OUTCOME_LEADS,audience_network,151.85,7115,241,4,279.55,0.0339,0.63,37.96,1.84
2026-01-03,Campana_BOFU_1,OUTCOME_TRAFFIC,instagram,431.8,21156,534,8,576.53,0.0252,0.81,53.98,1.34
2026-02-20,Campana_MOFU_3,CONVERSIONS,instagram,227.9,22336,774,59,1626.2,0.0347,0.29,3.86,7.14
2026-01-07,Campana_BOFU_2,OUTCOME_TRAFFIC,facebook,93.55,5571,182,1,70.33,0.0327,0.51,93.55,0.75
2026-01-21,Campana_BOFU_1,OUTCOME_TRAFFIC,instagram,198.47,9401,264,1,54.58,0.0281,0.75,198.47,0.28
2026-03-14,Campana_BOFU_3,OUTCOME_LEADS,audience_network,31.1,1794,25,0,0.0,0.0139,1.24,0.0,0.0
2026-02-08,Campana_BOFU_2,OUTCOME_TRAFFIC,facebook,245.67,17084,323,4,309.03,0.0189,0.76,61.42,1.26
2026-01-18,Campana_MOFU_1,CONVERSIONS,instagram,153.66,8588,274,15,602.14,0.0319,0.56,10.24,3.92
2026-01-04,Campana_BOFU_3,OUTCOME_LEADS,instagram,24.25,1072,23,0,0.0,0.0215,1.05,0.0,0.0
2026-03-30,Campana_BOFU_3,OUTCOME_TRAFFIC,audience_network,19.13,2732,28,0,0.0,0.0102,0.68,0.0,0.0
2026-03-01,Campana_MOFU_1,CONVERSIONS,audience_network,188.26,24315,415,21,1524.55,0.0171,0.45,8.96,8.1
2026-01-14,Campana_BOFU_1,OUTCOME_TRAFFIC,facebook,169.26,14772,236,2,55.47,0.016,0.72,84.63,0.33
2026-01-09,Campana_BOFU_1,CONVERSIONS,instagram,34.62,4284,79,2,174.33,0.0184,0.44,17.31,5.04
2026-03-31,Campana_MOFU_2,CONVERSIONS,facebook,53.89,3867,122,9,498.43,0.0315,0.44,5.99,9.25
2026-02-22,Campana_MOFU_2,OUTCOME_LEADS,facebook,338.36,46768,881,15,599.8,0.0188,0.38,22.56,1.77
2026-01-02,Campana_BOFU_3,CONVERSIONS,instagram,115.34,12330,172,5,378.36,0.0139,0.67,23.07,3.28
2026-03-25,Campana_MOFU_3,CONVERSIONS,facebook,288.95,28580,628,35,2069.45,0.022,0.46,8.26,7.16
2026-03-01,Campana_BOFU_3,OUTCOME_LEADS,audience_network,344.83,17937,218,3,118.77,0.0122,1.58,114.94,0.34
2026-03-12,Campana_MOFU_2,OUTCOME_TRAFFIC,facebook,272.93,16034,167,3,126.79,0.0104,1.63,90.98,0.46
2026-02-13,Campana_MOFU_1,CONVERSIONS,facebook,34.3,1545,13,0,0.0,0.0084,2.64,0.0,0.0
2026-01-08,Campana_BOFU_1,CONVERSIONS,audience_network,52.84,3839,69,2,144.04,0.018,0.77,26.42,2.73
2026-02-16,Campana_BOFU_2,OUTCOME_LEADS,instagram,433.52,53654,1725,34,985.95,0.0322,0.25,12.75,2.27
2026-02-04,Campana_MOFU_2,OUTCOME_LEADS,facebook,409.33,24285,628,8,649.54,0.0259,0.65,51.17,1.59
2026-03-19,Campana_BOFU_1,OUTCOME_LEADS,audience_network,392.65,36832,451,3,140.13,0.0122,0.87,130.88,0.36
2026-03-22,Campana_MOFU_2,CONVERSIONS,facebook,310.86,17509,495,14,1151.59,0.0283,0.63,22.2,3.7
2026-02-05,Campana_BOFU_2,CONVERSIONS,audience_network,397.4,65171,1964,66,5548.33,0.0301,0.2,6.02,13.96
2026-02-19,Campana_BOFU_2,OUTCOME_LEADS,instagram,344.14,31528,416,2,92.44,0.0132,0.83,172.07,0.27
2026-01-04,Campana_BOFU_1,CONVERSIONS,audience_network,178.86,28977,872,24,1042.01,0.0301,0.21,7.45,5.83
2026-01-02,Campana_BOFU_2,CONVERSIONS,instagram,163.71,9084,301,7,601.44,0.0331,0.54,23.39,3.67
2026-01-06,Campana_MOFU_1,OUTCOME_LEADS,audience_network,87.37,4231,114,1,28.76,0.0269,0.77,87.37,0.33
2026-02-23,Campana_BOFU_3,OUTCOME_LEADS,instagram,445.71,23651,473,6,381.81,0.02,0.94,74.28,0.86
2026-01-04,Campana_MOFU_1,OUTCOME_TRAFFIC,facebook,24.62,2026,42,0,0.0,0.0207,0.59,0.0,0.0
2026-02-23,Campana_BOFU_2,OUTCOME_TRAFFIC,instagram,84.14,5646,189,1,80.52,0.0335,0.45,84.14,0.96
2026-03-04,Campana_MOFU_2,CONVERSIONS,audience_network,111.03,14676,387,22,940.76,0.0264,0.29,5.05,8.47
2026-01-18,Campana_BOFU_1,OUTCOME_LEADS,facebook,425.47,30445,768,8,342.59,0.0252,0.55,53.18,0.81
2026-03-31,Campana_BOFU_3,OUTCOME_TRAFFIC,facebook,154.52,7818,219,1,81.43,0.028,0.71,154.52,0.53
2026-02-13,Campana_MOFU_1,OUTCOME_LEADS,audience_network,220.12,13486,165,1,30.93,0.0122,1.33,220.12,0.14
2026-02-03,Campana_BOFU_3,OUTCOME_LEADS,instagram,346.05,19334,223,1,84.86,0.0115,1.55,346.05,0.25
2026-03-15,Campana_BOFU_3,OUTCOME_LEADS,audience_network,224.46,27277,310,4,211.88,0.0114,0.72,56.12,0.94
2026-03-03,Campana_MOFU_3,CONVERSIONS,audience_network,298.41,24474,585,26,2313.55,0.0239,0.51,11.48,7.75
2026-01-14,Campana_BOFU_1,CONVERSIONS,instagram,311.0,23010,789,49,3317.49,0.0343,0.39,6.35,10.67
2026-02-17,Campana_BOFU_1,CONVERSIONS,instagram,409.9,20742,585,16,506.9,0.0282,0.7,25.62,1.24
2026-01-15,Campana_MOFU_3,OUTCOME_TRAFFIC,instagram,283.9,14674,339,1,46.22,0.0231,0.84,283.9,0.16
2026-03-13,Campana_BOFU_2,CONVERSIONS,facebook,398.9,52711,1595,66,3031.79,0.0303,0.25,6.04,7.6
2026-03-19,Campana_MOFU_3,OUTCOME_TRAFFIC,instagram,314.92,14846,198,1,31.8,0.0133,1.59,314.92,0.1
2026-03-28,Campana_BOFU_3,CONVERSIONS,audience_network,404.86,23401,576,32,1421.58,0.0246,0.7,12.65,3.51
2026-03-03,Campana_MOFU_1,OUTCOME_LEADS,instagram,355.79,20177,425,6,365.67,0.0211,0.84,59.3,1.03
2026-02-09,Campana_MOFU_3,OUTCOME_LEADS,instagram,211.76,11617,258,4,121.22,0.0222,0.82,52.94,0.57
2026-03-26,Campana_MOFU_3,OUTCOME_TRAFFIC,facebook,223.49,12627,213,2,146.76,0.0169,1.05,111.74,0.66
2026-03-21,Campana_MOFU_2,OUTCOME_TRAFFIC,facebook,301.54,19497,448,7,278.95,0.023,0.67,43.08,0.93
2026-03-23,Campana_BOFU_1,OUTCOME_TRAFFIC,audience_network,50.46,3693,51,0,0.0,0.0138,0.99,0.0,0.0
2026-02-22,Campana_BOFU_1,OUTCOME_TRAFFIC,facebook,392.7,19817,555,6,284.91,0.028,0.71,65.45,0.73
2026-01-24,Campana_MOFU_1,OUTCOME_LEADS,instagram,392.16,23075,457,7,396.43,0.0198,0.86,56.02,1.01
2026-01-26,Campana_BOFU_2,OUTCOME_TRAFFIC,instagram,359.94,19514,678,6,290.07,0.0347,0.53,59.99,0.81
2026-03-30,Campana_BOFU_3,CONVERSIONS,instagram,289.73,14538,167,10,840.87,0.0115,1.73,28.97,2.9
2026-03-01,Campana_BOFU_2,OUTCOME_LEADS,instagram,237.99,17186,169,1,31.33,0.0098,1.41,237.99,0.13
2026-02-10,Campana_MOFU_2,OUTCOME_TRAFFIC,instagram,238.95,18630,447,3,151.26,0.024,0.53,79.65,0.63
2026-01-29,Campana_BOFU_1,OUTCOME_LEADS,audience_network,300.68,24689,713,4,352.15,0.0289,0.42,75.17,1.17
2026-01-15,Campana_BOFU_3,OUTCOME_LEADS,audience_network,207.28,16870,339,5,172.37,0.0201,0.61,41.46,0.83
2026-02-14,Campana_MOFU_2,OUTCOME_TRAFFIC,facebook,124.85,9734,177,2,96.38,0.0182,0.71,62.42,0.77
2026-03-06,Campana_MOFU_1,CONVERSIONS,facebook,382.21,17937,426,30,1151.39,0.0237,0.9,12.74,3.01
2026-03-30,Campana_MOFU_2,OUTCOME_LEADS,instagram,39.83,2475,82,0,0.0,0.0331,0.49,0.0,0.0
2026-03-12,Campana_BOFU_3,OUTCOME_LEADS,facebook,421.24,35082,761,4,138.57,0.0217,0.55,105.31,0.33
2026-01-09,Campana_MOFU_2,OUTCOME_LEADS,audience_network,17.15,712,17,0,0.0,0.0239,1.01,0.0,0.0
2026-03-29,Campana_BOFU_3,OUTCOME_LEADS,audience_network,305.09,35256,310,2,141.61,0.0088,0.98,152.54,0.46
2026-01-01,Campana_BOFU_2,OUTCOME_TRAFFIC,instagram,96.93,4874,59,0,0.0,0.0121,1.64,0.0,0.0
2026-01-08,Campana_MOFU_3,OUTCOME_TRAFFIC,instagram,302.81,12312,222,1,40.87,0.018,1.36,302.81,0.13
2026-03-29,Campana_BOFU_2,OUTCOME_TRAFFIC,facebook,28.22,1191,31,0,0.0,0.026,0.91,0.0,0.0
2026-03-04,Campana_BOFU_3,OUTCOME_TRAFFIC,instagram,186.33,10141,110,1,89.96,0.0108,1.69,186.33,0.48
2026-01-11,Campana_MOFU_3,OUTCOME_TRAFFIC,facebook,391.9,15755,446,2,87.53,0.0283,0.88,195.95,0.22
2026-03-22,Campana_BOFU_3,OUTCOME_LEADS,facebook,347.86,14747,292,5,410.31,0.0198,1.19,69.57,1.18
2026-01-08,Campana_BOFU_3,CONVERSIONS,audience_network,178.42,15327,391,15,989.45,0.0255,0.46,11.89,5.55
2026-02-04,Campana_BOFU_2,OUTCOME_TRAFFIC,audience_network,317.53,23727,477,4,197.05,0.0201,0.67,79.38,0.62
2026-02-04,Campana_MOFU_1,OUTCOME_LEADS,instagram,270.37,29386,744,12,690.35,0.0253,0.36,22.53,2.55
2026-02-02,Campana_MOFU_2,OUTCOME_LEADS,instagram,223.44,34443,592,6,305.54,0.0172,0.38,37.24,1.37
2026-01-05,Campana_MOFU_2,OUTCOME_TRAFFIC,audience_network,186.55,11348,319,5,294.4,0.0281,0.58,37.31,1.58
2026-02-10,Campana_MOFU_2,OUTCOME_TRAFFIC,audience_network,18.29,999,32,0,0.0,0.032,0.57,0.0,0.0
2026-01-28,Campana_BOFU_3,OUTCOME_TRAFFIC,audience_network,100.76,6670,88,0,0.0,0.0132,1.14,0.0,0.0
2026-01-07,Campana_MOFU_1,CONVERSIONS,instagram,148.67,6993,157,6,388.03,0.0225,0.95,24.78,2.61
2026-03-14,Campana_BOFU_2,OUTCOME_LEADS,facebook,439.88,20326,449,3,242.59,0.0221,0.98,146.63,0.55
2026-03-13,Campana_MOFU_2,OUTCOME_TRAFFIC,audience_network,143.45,6806,88,1,52.59,0.0129,1.63,143.45,0.37
2026-01-12,Campana_MOFU_3,OUTCOME_TRAFFIC,instagram,254.35,37268,935,18,1153.89,0.0251,0.27,14.13,4.54
2026-02-03,Campana_MOFU_3,CONVERSIONS,instagram,273.19,12958,329,10,484.5,0.0254,0.83,27.32,1.77
2026-02-02,Campana_BOFU_2,CONVERSIONS,instagram,126.21,10751,298,21,1441.49,0.0277,0.42,6.01,11.42
2026-02-17,Campana_BOFU_1,OUTCOME_LEADS,audience_network,286.38,19637,468,3,218.69,0.0238,0.61,95.46,0.76
2026-01-23,Campana_BOFU_2,CONVERSIONS,audience_network,247.88,26396,433,14,537.63,0.0164,0.57,17.71,2.17
2026-03-03,Campana_BOFU_3,OUTCOME_LEADS,facebook,185.04,10699,229,4,135.47,0.0214,0.81,46.26,0.73
2026-03-29,Campana_MOFU_2,OUTCOME_LEADS,audience_network,207.58,14345,395,2,94.34,0.0275,0.53,103.79,0.45
2026-02-06,Campana_MOFU_3,OUTCOME_TRAFFIC,instagram,161.69,6967,201,1,66.94,0.0289,0.8,161.69,0.41
2026-02-13,Campana_MOFU_1,OUTCOME_TRAFFIC,facebook,155.67,15104,265,1,58.74,0.0175,0.59,155.67,0.38
2026-03-27,Campana_BOFU_2,CONVERSIONS,audience_network,293.47,26315,631,38,1520.15,0.024,0.47,7.72,5.18
2026-02-04,Campana_BOFU_2,OUTCOME_TRAFFIC,instagram,306.23,12304,318,4,289.97,0.0258,0.96,76.56,0.95
2026-03-06,Campana_MOFU_3,OUTCOME_LEADS,instagram,431.57,46252,1231,9,538.46,0.0266,0.35,47.95,1.25
2026-02-16,Campana_MOFU_3,OUTCOME_LEADS,facebook,372.49,61839,997,19,1061.48,0.0161,0.37,19.6,2.85
2026-03-19,Campana_MOFU_3,CONVERSIONS,audience_network,188.7,21212,738,55,3305.35,0.0348,0.26,3.43,17.52
2026-01-03,Campana_BOFU_1,OUTCOME_LEADS,facebook,55.42,5091,149,2,129.1,0.0293,0.37,27.71,2.33
2026-01-01,Campana_MOFU_1,OUTCOME_LEADS,instagram,42.45,5154,72,0,0.0,0.014,0.59,0.0,0.0
2026-01-05,Campana_BOFU_1,CONVERSIONS,instagram,422.58,25576,415,18,973.23,0.0162,1.02,23.48,2.3
2026-03-31,Campana_MOFU_1,OUTCOME_LEADS,audience_network,85.37,4077,95,1,50.42,0.0233,0.9,85.37,0.59
2026-01-14,Campana_MOFU_1,OUTCOME_TRAFFIC,facebook,65.62,3047,55,0,0.0,0.0181,1.19,0.0,0.0
2026-01-27,Campana_MOFU_3,OUTCOME_LEADS,instagram,76.46,7624,229,2,52.98,0.03,0.33,38.23,0.69
2026-01-09,Campana_BOFU_3,OUTCOME_LEADS,audience_network,165.55,6747,170,2,67.23,0.0252,0.97,82.78,0.41
2026-03-20,Campana_MOFU_3,CONVERSIONS,audience_network,226.87,12950,371,11,634.33,0.0286,0.61,20.62,2.8
2026-01-15,Campana_BOFU_1,OUTCOME_LEADS,facebook,304.84,36668,766,9,361.04,0.0209,0.4,33.87,1.18
2026-03-31,Campana_MOFU_2,CONVERSIONS,audience_network,235.17,16387,177,10,390.42,0.0108,1.33,23.52,1.66
2026-02-11,Campana_MOFU_3,OUTCOME_LEADS,audience_network,81.13,11322,329,3,86.34,0.0291,0.25,27.04,1.06
2026-03-18,Campana_BOFU_3,OUTCOME_LEADS,facebook,284.48,24419,479,3,89.55,0.0196,0.59,94.83,0.31
2026-02-20,Campana_MOFU_1,OUTCOME_LEADS,instagram,58.95,3078,29,0,0.0,0.0094,2.03,0.0,0.0
2026-03-04,Campana_BOFU_1,CONVERSIONS,audience_network,111.05,11939,306,21,1513.69,0.0256,0.36,5.29,13.63
2026-02-21,Campana_MOFU_2,OUTCOME_TRAFFIC,instagram,299.52,23527,522,6,218.99,0.0222,0.57,49.92,0.73
2026-01-04,Campana_MOFU_2,OUTCOME_LEADS,facebook,19.8,1423,29,0,0.0,0.0204,0.68,0.0,0.0
2026-01-23,Campana_MOFU_2,OUTCOME_LEADS,audience_network,74.64,4615,63,0,0.0,0.0137,1.18,0.0,0.0
2026-01-15,Campana_BOFU_2,CONVERSIONS,facebook,101.5,14043,128,5,211.4,0.0091,0.79,20.3,2.08
2026-02-12,Campana_BOFU_3,OUTCOME_TRAFFIC,facebook,382.3,48616,1029,7,322.73,0.0212,0.37,54.61,0.84
2026-01-29,Campana_MOFU_1,OUTCOME_LEADS,audience_network,178.51,13227,269,4,331.94,0.0203,0.66,44.63,1.86
2026-02-05,Campana_BOFU_1,CONVERSIONS,facebook,425.13,19894,200,7,598.3,0.0101,2.13,60.73,1.41
2026-01-13,Campana_MOFU_1,CONVERSIONS,audience_network,230.52,17279,348,11,910.91,0.0201,0.66,20.96,3.95
2026-02-01,Campana_MOFU_2,OUTCOME_TRAFFIC,facebook,335.78,21343,562,3,91.53,0.0263,0.6,111.93,0.27
2026-03-12,Campana_BOFU_3,CONVERSIONS,facebook,363.93,45479,407,20,1003.87,0.0089,0.89,18.2,2.76
2026-02-28,Campana_MOFU_3,OUTCOME_TRAFFIC,audience_network,424.91,20337,357,3,182.18,0.0176,1.19,141.64,0.43
2026-03-27,Campana_MOFU_3,OUTCOME_LEADS,instagram,50.94,3228,104,1,39.81,0.0322,0.49,50.94,0.78
2026-01-28,Campana_BOFU_1,OUTCOME_LEADS,audience_network,104.47,12577,309,5,334.27,0.0246,0.34,20.89,3.2
2026-03-07,Campana_BOFU_2,OUTCOME_TRAFFIC,instagram,404.68,33383,379,4,129.63,0.0114,1.07,101.17,0.32
2026-02-11,Campana_MOFU_2,CONVERSIONS,audience_network,241.53,13635,166,3,96.61,0.0122,1.46,80.51,0.4
2026-02-14,Campana_BOFU_2,OUTCOME_TRAFFIC,facebook,176.89,12448,247,3,258.9,0.0198,0.72,58.96,1.46
2026-03-03,Campana_MOFU_3,CONVERSIONS,audience_network,400.81,21937,344,23,1862.75,0.0157,1.17,17.43,4.65
2026-02-26,Campana_BOFU_1,CONVERSIONS,audience_network,124.72,6130,125,8,578.82,0.0204,1.0,15.59,4.64
2026-01-06,Campana_MOFU_1,OUTCOME_TRAFFIC,instagram,342.64,30820,695,11,352.18,0.0226,0.49,31.15,1.03
2026-01-28,Campana_MOFU_2,OUTCOME_TRAFFIC,audience_network,434.83,28458,343,3,155.62,0.0121,1.27,144.94,0.36
2026-01-28,Campana_MOFU_2,CONVERSIONS,facebook,236.14,20263,471,28,2289.45,0.0232,0.5,8.43,9.7
2026-02-13,Campana_BOFU_1,CONVERSIONS,audience_network,84.97,5117,153,9,740.65,0.0299,0.56,9.44,8.72
2026-03-25,Campana_MOFU_1,OUTCOME_TRAFFIC,instagram,301.04,25281,708,12,779.68,0.028,0.43,25.09,2.59
2026-01-30,Campana_BOFU_2,CONVERSIONS,facebook,249.33,15623,482,33,2611.1,0.0309,0.52,7.56,10.47
2026-03-03,Campana_MOFU_3,OUTCOME_LEADS,facebook,431.76,33235,559,4,179.46,0.0168,0.77,107.94,0.42
2026-03-16,Campana_BOFU_3,CONVERSIONS,instagram,175.21,12063,331,24,1525.15,0.0274,0.53,7.3,8.7
2026-03-30,Campana_MOFU_2,OUTCOME_LEADS,facebook,15.82,1684,14,0,0.0,0.0083,1.13,0.0,0.0
2026-03-03,Campana_MOFU_1,CONVERSIONS,facebook,55.45,3228,67,3,87.65,0.0208,0.83,18.48,1.58
2026-01-01,Campana_BOFU_2,OUTCOME_TRAFFIC,instagram,226.67,13035,316,1,45.94,0.0242,0.72,226.67,0.2
2026-01-27,Campana_MOFU_3,OUTCOME_TRAFFIC,instagram,317.51,15739,543,4,314.53,0.0345,0.58,79.38,0.99
2026-03-03,Campana_BOFU_3,CONVERSIONS,instagram,157.76,11073,115,3,191.65,0.0104,1.37,52.59,1.21
2026-03-18,Campana_BOFU_3,OUTCOME_TRAFFIC,audience_network,334.12,28583,362,5,286.25,0.0127,0.92,66.82,0.86
2026-01-03,Campana_BOFU_3,OUTCOME_TRAFFIC,instagram,446.14,22089,618,11,420.1,0.028,0.72,40.56,0.94
2026-03-11,Campana_MOFU_1,CONVERSIONS,instagram,160.51,24702,213,14,598.49,0.0086,0.75,11.46,3.73
2026-03-13,Campana_BOFU_1,OUTCOME_TRAFFIC,facebook,355.42,50295,1560,13,643.49,0.031,0.23,27.34,1.81
2026-01-27,Campana_MOFU_2,CONVERSIONS,facebook,214.31,14121,163,4,289.26,0.0115,1.31,53.58,1.35
2026-01-09,Campana_BOFU_2,OUTCOME_TRAFFIC,facebook,354.39,57778,551,4,134.15,0.0095,0.64,88.6,0.38
2026-03-03,Campana_BOFU_1,OUTCOME_TRAFFIC,facebook,431.13,58976,562,5,210.05,0.0095,0.77,86.23,0.49
2026-02-06,Campana_BOFU_3,OUTCOME_TRAFFIC,instagram,123.55,11063,315,3,226.46,0.0285,0.39,41.18,1.83
2026-02-20,Campana_MOFU_1,CONVERSIONS,facebook,386.09,56089,1387,74,3513.88,0.0247,0.28,5.22,9.1
2026-02-13,Campana_BOFU_2,CONVERSIONS,audience_network,166.09,7191,61,3,262.86,0.0085,2.72,55.36,1.58
2026-01-24,Campana_MOFU_2,OUTCOME_LEADS,instagram,197.18,18018,499,9,375.07,0.0277,0.4,21.91,1.9
2026-03-20,Campana_BOFU_3,OUTCOME_TRAFFIC,instagram,98.17,7899,129,2,175.76,0.0163,0.76,49.08,1.79
2026-02-28,Campana_MOFU_2,CONVERSIONS,facebook,80.79,7858,116,8,491.84,0.0148,0.7,10.1,6.09
2026-02-01,Campana_BOFU_1,CONVERSIONS,facebook,389.16,19720,193,12,723.96,0.0098,2.02,32.43,1.86
2026-03-29,Campana_MOFU_3,OUTCOME_LEADS,instagram,383.41,27107,320,4,156.18,0.0118,1.2,95.85,0.41
2026-02-21,Campana_BOFU_2,OUTCOME_LEADS,audience_network,298.17,18221,176,2,154.83,0.0097,1.69,149.08,0.52
2026-03-03,Campana_BOFU_2,OUTCOME_TRAFFIC,audience_network,357.03,36335,544,4,185.86,0.015,0.66,89.26,0.52
2026-02-27,Campana_MOFU_3,OUTCOME_LEADS,audience_network,104.12,4591,145,2,81.04,0.0316,0.72,52.06,0.78
2026-02-21,Campana_BOFU_1,OUTCOME_LEADS,instagram,257.72,15621,164,1,43.36,0.0105,1.57,257.72,0.17
2026-01-12,Campana_BOFU_2,OUTCOME_TRAFFIC,instagram,176.79,12123,227,1,53.67,0.0187,0.78,176.79,0.3
2026-02-08,Campana_BOFU_3,OUTCOME_LEADS,facebook,266.25,14744,435,4,337.92,0.0295,0.61,66.56,1.27
2026-01-02,Campana_BOFU_2,OUTCOME_LEADS,instagram,360.07,29959,933,17,730.98,0.0311,0.39,21.18,2.03
2026-01-03,Campana_MOFU_3,CONVERSIONS,facebook,29.52,2286,63,4,181.42,0.0276,0.47,7.38,6.15
2026-02-25,Campana_MOFU_3,OUTCOME_LEADS,instagram,51.31,2253,66,0,0.0,0.0293,0.78,0.0,0.0
2026-03-22,Campana_BOFU_1,OUTCOME_TRAFFIC,facebook,443.09,23706,595,4,329.3,0.0251,0.74,110.77,0.74
2026-02-28,Campana_BOFU_3,OUTCOME_TRAFFIC,audience_network,313.78,40396,355,6,231.8,0.0088,0.88,52.3,0.74
2026-01-02,Campana_MOFU_3,CONVERSIONS,audience_network,96.52,4327,130,6,426.99,0.03,0.74,16.09,4.42
2026-01-02,Campana_MOFU_1,CONVERSIONS,audience_network,407.06,22144,364,12,939.02,0.0164,1.12,33.92,2.31
2026-02-23,Campana_MOFU_1,OUTCOME_LEADS,instagram,121.29,14889,154,2,104.62,0.0103,0.79,60.64,0.86
2026-03-28,Campana_BOFU_2,CONVERSIONS,audience_network,210.9,10426,266,15,718.57,0.0255,0.79,14.06,3.41
2026-01-01,Campana_MOFU_2,OUTCOME_TRAFFIC,instagram,440.91,24428,278,4,184.53,0.0114,1.59,110.23,0.42
2026-01-19,Campana_MOFU_1,OUTCOME_TRAFFIC,audience_network,87.7,4753,165,1,30.01,0.0347,0.53,87.7,0.34
2026-01-02,Campana_BOFU_3,OUTCOME_LEADS,facebook,108.76,8465,83,1,51.54,0.0098,1.31,108.76,0.47
2026-02-22,Campana_MOFU_1,OUTCOME_LEADS,facebook,348.24,16598,430,3,251.9,0.0259,0.81,116.08,0.72
2026-02-13,Campana_BOFU_3,OUTCOME_TRAFFIC,audience_network,88.55,6605,120,1,49.8,0.0182,0.74,88.55,0.56
2026-03-31,Campana_MOFU_3,OUTCOME_TRAFFIC,audience_network,439.91,54285,1053,5,365.47,0.0194,0.42,87.98,0.83
2026-02-01,Campana_BOFU_2,OUTCOME_LEADS,audience_network,70.44,3622,124,2,140.91,0.0342,0.57,35.22,2.0
2026-03-11,Campana_MOFU_1,CONVERSIONS,audience_network,285.28,17160,428,22,1458.18,0.0249,0.67,12.97,5.11
2026-02-01,Campana_MOFU_1,OUTCOME_LEADS,instagram,67.31,9222,139,0,0.0,0.0151,0.48,0.0,0.0
2026-03-09,Campana_BOFU_1,CONVERSIONS,instagram,275.29,23635,380,24,675.1,0.0161,0.72,11.47,2.45
2026-02-24,Campana_MOFU_1,OUTCOME_LEADS,facebook,158.73,12731,441,6,357.21,0.0346,0.36,26.46,2.25
2026-03-16,Campana_MOFU_3,CONVERSIONS,instagram,201.69,18190,533,28,1899.06,0.0293,0.38,7.2,9.42
2026-02-25,Campana_MOFU_1,CONVERSIONS,audience_network,227.44,11364,252,5,407.28,0.0222,0.9,45.49,1.79
2026-01-17,Campana_BOFU_2,CONVERSIONS,facebook,317.09,41932,1366,65,2206.04,0.0326,0.23,4.88,6.96
2026-02-07,Campana_BOFU_3,OUTCOME_LEADS,facebook,89.2,3714,74,1,66.57,0.0199,1.21,89.2,0.75
2026-01-24,Campana_MOFU_1,OUTCOME_LEADS,facebook,437.28,39785,609,7,622.65,0.0153,0.72,62.47,1.42
2026-03-10,Campana_MOFU_3,OUTCOME_LEADS,instagram,125.66,9759,202,1,34.1,0.0207,0.62,125.66,0.27
2026-03-11,Campana_MOFU_1,OUTCOME_LEADS,facebook,210.95,14076,349,4,216.34,0.0248,0.6,52.74,1.03
2026-03-27,Campana_MOFU_1,CONVERSIONS,facebook,248.6,11183,104,7,558.99,0.0093,2.39,35.51,2.25
2026-01-11,Campana_BOFU_1,OUTCOME_LEADS,audience_network,364.12,21585,471,4,342.26,0.0218,0.77,91.03,0.94
2026-01-16,Campana_BOFU_1,CONVERSIONS,facebook,283.42,34720,601,30,2454.73,0.0173,0.47,9.45,8.66
2026-03-14,Campana_MOFU_2,OUTCOME_TRAFFIC,instagram,446.88,52584,810,8,419.35,0.0154,0.55,55.86,0.94
2026-02-28,Campana_MOFU_1,CONVERSIONS,facebook,127.31,6765,108,6,522.07,0.016,1.18,21.22,4.1
2026-03-11,Campana_MOFU_2,CONVERSIONS,audience_network,15.92,810,24,0,0.0,0.0296,0.66,0.0,0.0
2026-03-21,Campana_MOFU_1,OUTCOME_LEADS,instagram,64.8,4874,99,1,32.87,0.0203,0.65,64.8,0.51
2026-01-03,Campana_MOFU_1,CONVERSIONS,facebook,190.84,15771,445,19,1272.93,0.0282,0.43,10.04,6.67
2026-01-20,Campana_BOFU_2,OUTCOME_LEADS,audience_network,273.24,44124,1110,20,1296.35,0.0252,0.25,13.66,4.74
2026-02-28,Campana_MOFU_1,OUTCOME_TRAFFIC,instagram,67.44,2913,28,0,0.0,0.0096,2.41,0.0,0.0
2026-02-05,Campana_BOFU_2,CONVERSIONS,facebook,198.58,17110,361,19,529.02,0.0211,0.55,10.45,2.66
2026-01-19,Campana_MOFU_2,OUTCOME_LEADS,facebook,108.98,7331,220,1,50.18,0.03,0.5,108.98,0.46
2026-03-31,Campana_BOFU_3,OUTCOME_LEADS,audience_network,48.76,2989,93,1,39.71,0.0311,0.52,48.76,0.81
2026-03-08,Campana_BOFU_3,OUTCOME_TRAFFIC,audience_network,345.32,43830,1403,7,343.37,0.032,0.25,49.33,0.99
2026-01-19,Campana_MOFU_3,CONVERSIONS,audience_network,237.58,25973,660,14,1043.34,0.0254,0.36,16.97,4.39
2026-01-20,Campana_MOFU_1,OUTCOME_TRAFFIC,facebook,240.0,18182,148,1,76.46,0.0081,1.62,240.0,0.32
2026-03-12,Campana_BOFU_3,CONVERSIONS,facebook,309.55,17678,315,10,892.22,0.0178,0.98,30.96,2.88
2026-02-21,Campana_BOFU_1,OUTCOME_TRAFFIC,facebook,76.14,5000,43,0,0.0,0.0086,1.77,0.0,0.0
2026-02-02,Campana_BOFU_3,CONVERSIONS,instagram,31.96,4851,89,2,53.04,0.0183,0.36,15.98,1.66
2026-02-09,Campana_BOFU_3,CONVERSIONS,audience_network,227.22,26823,819,34,1678.32,0.0305,0.28,6.68,7.39
2026-02-08,Campana_BOFU_3,OUTCOME_TRAFFIC,instagram,277.28,12773,441,4,349.9,0.0345,0.63,69.32,1.26
2026-03-23,Campana_MOFU_1,CONVERSIONS,facebook,437.27,21126,728,35,2085.89,0.0345,0.6,12.49,4.77
2026-01-01,Campana_MOFU_2,OUTCOME_LEADS,facebook,377.64,26282,424,3,112.95,0.0161,0.89,125.88,0.3
2026-01-11,Campana_BOFU_1,CONVERSIONS,instagram,309.66,29588,900,47,1679.81,0.0304,0.34,6.59,5.42
2026-02-26,Campana_MOFU_2,OUTCOME_TRAFFIC,facebook,287.41,18798,354,7,575.54,0.0188,0.81,41.06,2.0
2026-03-30,Campana_MOFU_3,CONVERSIONS,instagram,215.73,10848,130,9,640.87,0.012,1.66,23.97,2.97
2026-02-19,Campana_MOFU_3,OUTCOME_TRAFFIC,audience_network,434.35,18657,513,6,489.29,0.0275,0.85,72.39,1.13
2026-01-23,Campana_MOFU_2,OUTCOME_LEADS,audience_network,253.96,35783,943,11,299.64,0.0264,0.27,23.09,1.18
2026-01-31,Campana_MOFU_3,CONVERSIONS,audience_network,216.26,8777,184,13,822.48,0.021,1.18,16.64,3.8
2026-02-11,Campana_BOFU_2,OUTCOME_LEADS,audience_network,103.4,5050,93,1,57.0,0.0184,1.11,103.4,0.55
2026-01-07,Campana_BOFU_2,CONVERSIONS,audience_network,404.09,27557,550,30,1903.24,0.02,0.73,13.47,4.71
2026-01-16,Campana_MOFU_2,OUTCOME_TRAFFIC,audience_network,62.53,2813,55,0,0.0,0.0196,1.14,0.0,0.0
2026-03-31,Campana_BOFU_3,OUTCOME_TRAFFIC,instagram,126.38,19192,656,5,363.56,0.0342,0.19,25.28,2.88
2026-03-01,Campana_BOFU_2,OUTCOME_LEADS,facebook,28.29,1253,27,0,0.0,0.0215,1.05,0.0,0.0
2026-01-02,Campana_MOFU_2,OUTCOME_LEADS,facebook,136.26,13621,461,2,179.72,0.0338,0.3,68.13,1.32
2026-01-01,Campana_BOFU_2,CONVERSIONS,audience_network,16.01,2340,40,2,58.97,0.0171,0.4,8.01,3.68
2026-02-17,Campana_MOFU_2,CONVERSIONS,facebook,348.26,15777,387,9,510.26,0.0245,0.9,38.7,1.47
2026-01-12,Campana_MOFU_3,OUTCOME_LEADS,instagram,25.66,2171,49,0,0.0,0.0226,0.52,0.0,0.0
2026-03-10,Campana_MOFU_2,CONVERSIONS,instagram,17.65,2229,70,4,129.36,0.0314,0.25,4.41,7.33
2026-02-06,Campana_BOFU_2,OUTCOME_LEADS,instagram,36.85,4989,94,0,0.0,0.0188,0.39,0.0,0.0
2026-02-01,Campana_MOFU_1,OUTCOME_LEADS,audience_network,189.57,16401,198,1,26.43,0.0121,0.96,189.57,0.14
2026-01-09,Campana_MOFU_2,OUTCOME_TRAFFIC,facebook,253.81,24966,222,1,52.05,0.0089,1.14,253.81,0.21
2026-01-19,Campana_BOFU_1,OUTCOME_LEADS,audience_network,401.57,25810,519,7,459.28,0.0201,0.77,57.37,1.14
2026-02-17,Campana_MOFU_1,OUTCOME_LEADS,instagram,216.48,20699,335,3,184.84,0.0162,0.65,72.16,0.85
2026-03-21,Campana_MOFU_1,CONVERSIONS,audience_network,352.28,31575,676,25,842.47,0.0214,0.52,14.09,2.39
2026-01-03,Campana_BOFU_2,OUTCOME_TRAFFIC,audience_network,133.12,9754,105,0,0.0,0.0108,1.27,0.0,0.0
2026-01-20,Campana_MOFU_2,OUTCOME_LEADS,instagram,135.13,6953,67,1,25.25,0.0096,2.02,135.13,0.19
2026-01-24,Campana_MOFU_2,CONVERSIONS,facebook,419.94,19345,222,11,894.58,0.0115,1.89,38.18,2.13
2026-02-23,Campana_MOFU_1,OUTCOME_LEADS,audience_network,425.2,30316,551,10,688.84,0.0182,0.77,42.52,1.62
2026-02-02,Campana_BOFU_1,OUTCOME_LEADS,audience_network,229.81,17194,431,6,151.7,0.0251,0.53,38.3,0.66
2026-01-24,Campana_MOFU_2,CONVERSIONS,audience_network,304.88,12518,357,27,1907.96,0.0285,0.85,11.29,6.26
2026-03-16,Campana_MOFU_3,CONVERSIONS,facebook,221.8,12286,429,11,631.48,0.0349,0.52,20.16,2.85
2026-03-13,Campana_MOFU_1,CONVERSIONS,audience_network,214.1,21477,385,16,454.45,0.0179,0.56,13.38,2.12
2026-02-05,Campana_BOFU_1,CONVERSIONS,instagram,255.15,18355,503,21,1712.23,0.0274,0.51,12.15,6.71
2026-02-07,Campana_MOFU_3,OUTCOME_LEADS,facebook,361.36,17777,159,1,85.5,0.0089,2.27,361.36,0.24
2026-03-25,Campana_MOFU_1,OUTCOME_LEADS,audience_network,152.3,8344,155,2,75.9,0.0186,0.98,76.15,0.5
2026-03-30,Campana_MOFU_1,CONVERSIONS,audience_network,174.99,24633,271,13,551.12,0.011,0.65,13.46,3.15
2026-01-25,Campana_MOFU_2,OUTCOME_LEADS,instagram,120.22,5157,157,2,173.35,0.0304,0.77,60.11,1.44
2026-01-18,Campana_BOFU_3,CONVERSIONS,audience_network,190.87,11864,285,5,275.83,0.024,0.67,38.17,1.45
2026-03-23,Campana_MOFU_1,OUTCOME_LEADS,instagram,309.73,25972,750,12,706.61,0.0289,0.41,25.81,2.28
2026-03-07,Campana_BOFU_2,OUTCOME_TRAFFIC,instagram,22.37,1084,32,0,0.0,0.0295,0.7,0.0,0.0
2026-02-23,Campana_MOFU_3,OUTCOME_TRAFFIC,facebook,163.68,8167,114,1,62.09,0.014,1.44,163.68,0.38
2026-02-04,Campana_BOFU_3,CONVERSIONS,facebook,438.77,19859,171,12,910.89,0.0086,2.57,36.56,2.08
2026-03-21,Campana_BOFU_1,CONVERSIONS,instagram,81.26,3519,95,7,449.5,0.027,0.86,11.61,5.53
2026-03-02,Campana_MOFU_2,OUTCOME_TRAFFIC,audience_network,307.16,18002,625,5,297.49,0.0347,0.49,61.43,0.97
2026-02-10,Campana_MOFU_1,OUTCOME_LEADS,audience_network,433.8,58333,1042,8,301.83,0.0179,0.42,54.22,0.7
2026-02-02,Campana_BOFU_2,CONVERSIONS,instagram,383.53,31993,494,38,2252.34,0.0154,0.78,10.09,5.87
2026-03-09,Campana_MOFU_1,OUTCOME_TRAFFIC,audience_network,308.25,28181,488,9,394.95,0.0173,0.63,34.25,1.28
2026-02-02,Campana_MOFU_1,CONVERSIONS,audience_network,41.37,2164,57,4,229.3,0.0263,0.73,10.34,5.54
2026-01-14,Campana_BOFU_1,OUTCOME_TRAFFIC,instagram,195.8,16683,476,4,346.76,0.0285,0.41,48.95,1.77
2026-01-21,Campana_MOFU_3,CONVERSIONS,instagram,134.5,6304,128,6,318.8,0.0203,1.05,22.42,2.37
2026-02-17,Campana_MOFU_3,OUTCOME_TRAFFIC,instagram,390.82,25804,831,12,406.86,0.0322,0.47,32.57,1.04
2026-01-20,Campana_BOFU_3,CONVERSIONS,instagram,386.4,36461,1237,39,3386.87,0.0339,0.31,9.91,8.77
2026-01-08,Campana_BOFU_3,OUTCOME_LEADS,instagram,262.75,24036,475,6,178.5,0.0198,0.55,43.79,0.68
2026-01-07,Campana_MOFU_3,OUTCOME_LEADS,instagram,21.17,972,26,0,0.0,0.0267,0.81,0.0,0.0
2026-03-08,Campana_BOFU_1,OUTCOME_TRAFFIC,audience_network,241.83,9842,279,2,112.0,0.0283,0.87,120.92,0.46
2026-01-17,Campana_MOFU_1,OUTCOME_TRAFFIC,instagram,293.67,15733,194,2,150.31,0.0123,1.51,146.84,0.51
2026-02-02,Campana_MOFU_3,CONVERSIONS,facebook,18.93,1480,48,1,66.23,0.0324,0.39,18.93,3.5
2026-02-17,Campana_BOFU_2,OUTCOME_LEADS,audience_network,332.05,42501,831,4,225.03,0.0196,0.4,83.01,0.68
2026-03-17,Campana_MOFU_2,CONVERSIONS,instagram,407.1,45627,1584,122,6972.77,0.0347,0.26,3.34,17.13
2026-02-28,Campana_BOFU_1,CONVERSIONS,audience_network,176.7,13130,372,27,2343.88,0.0283,0.48,6.54,13.26
2026-03-27,Campana_BOFU_3,OUTCOME_LEADS,instagram,285.59,11489,211,2,104.03,0.0184,1.35,142.79,0.36
2026-01-22,Campana_BOFU_1,OUTCOME_LEADS,facebook,98.34,4194,45,0,0.0,0.0107,2.19,0.0,0.0
2026-01-30,Campana_BOFU_3,CONVERSIONS,facebook,114.48,4736,56,3,118.85,0.0118,2.04,38.16,1.04
2026-02-07,Campana_MOFU_1,CONVERSIONS,audience_network,260.05,18413,309,21,721.31,0.0168,0.84,12.38,2.77
2026-02-20,Campana_BOFU_2,CONVERSIONS,facebook,346.95,16032,513,27,1033.83,0.032,0.68,12.85,2.98
2026-02-23,Campana_BOFU_1,OUTCOME_TRAFFIC,audience_network,29.27,1618,28,0,0.0,0.0173,1.05,0.0,0.0
2026-01-08,Campana_BOFU_3,CONVERSIONS,facebook,193.09,9020,275,10,700.85,0.0305,0.7,19.31,3.63
2026-01-27,Campana_BOFU_2,OUTCOME_TRAFFIC,instagram,396.01,24380,380,4,109.77,0.0156,1.04,99.0,0.28
2026-01-27,Campana_MOFU_3,CONVERSIONS,instagram,246.43,14312,138,5,360.02,0.0096,1.79,49.29,1.46
2026-01-21,Campana_MOFU_3,CONVERSIONS,facebook,205.3,9015,84,2,90.31,0.0093,2.44,102.65,0.44
2026-01-30,Campana_BOFU_3,OUTCOME_TRAFFIC,audience_network,195.94,9594,234,4,312.69,0.0244,0.84,48.98,1.6
2026-01-28,Campana_BOFU_3,OUTCOME_TRAFFIC,instagram,69.53,5606,196,2,78.66,0.035,0.35,34.76,1.13
2026-03-05,Campana_MOFU_3,CONVERSIONS,instagram,271.93,14651,148,7,497.74,0.0101,1.84,38.85,1.83
2026-03-10,Campana_BOFU_3,OUTCOME_LEADS,audience_network,240.15,21619,539,6,291.07,0.0249,0.45,40.02,1.21
2026-03-02,Campana_MOFU_1,OUTCOME_TRAFFIC,facebook,71.52,4297,124,1,36.19,0.0289,0.58,71.52,0.51
2026-02-17,Campana_BOFU_1,CONVERSIONS,audience_network,374.97,19482,531,25,2121.62,0.0273,0.71,15.0,5.66
2026-01-19,Campana_BOFU_2,OUTCOME_TRAFFIC,facebook,389.84,34784,1036,8,379.58,0.0298,0.38,48.73,0.97
2026-01-04,Campana_MOFU_3,CONVERSIONS,audience_network,66.71,3249,84,3,182.12,0.0259,0.79,22.24,2.73
2026-02-04,Campana_BOFU_1,OUTCOME_TRAFFIC,instagram,85.92,4103,114,1,26.64,0.0278,0.75,85.92,0.31
2026-03-05,Campana_MOFU_1,OUTCOME_TRAFFIC,instagram,321.11,13141,260,2,141.63,0.0198,1.24,160.56,0.44
2026-02-18,Campana_BOFU_3,OUTCOME_LEADS,facebook,247.42,15203,297,2,112.69,0.0195,0.83,123.71,0.46
2026-01-17,Campana_MOFU_2,OUTCOME_LEADS,audience_network,429.32,41649,1322,22,1518.33,0.0317,0.32,19.51,3.54
2026-02-13,Campana_MOFU_1,OUTCOME_TRAFFIC,instagram,394.07,20981,619,5,328.08,0.0295,0.64,78.81,0.83
2026-01-30,Campana_BOFU_3,OUTCOME_LEADS,audience_network,409.15,65663,1720,9,546.08,0.0262,0.24,45.46,1.33
2026-02-15,Campana_MOFU_3,CONVERSIONS,audience_network,98.27,7109,236,10,820.69,0.0332,0.42,9.83,8.35
2026-01-06,Campana_MOFU_2,OUTCOME_LEADS,audience_network,169.8,22358,380,5,148.44,0.017,0.45,33.96,0.87
2026-02-06,Campana_MOFU_3,OUTCOME_TRAFFIC,audience_network,425.84,23406,611,8,303.48,0.0261,0.7,53.23,0.71
2026-01-24,Campana_BOFU_3,OUTCOME_LEADS,facebook,59.1,5239,80,0,0.0,0.0153,0.74,0.0,0.0
2026-02-15,Campana_BOFU_1,OUTCOME_LEADS,instagram,240.63,25577,874,5,256.17,0.0342,0.28,48.13,1.06
2026-02-22,Campana_MOFU_2,OUTCOME_LEADS,instagram,268.25,27138,597,3,193.07,0.022,0.45,89.42,0.72
2026-03-01,Campana_BOFU_2,CONVERSIONS,audience_network,131.81,11499,295,23,1477.44,0.0257,0.45,5.73,11.21
2026-03-04,Campana_BOFU_3,CONVERSIONS,audience_network,428.87,36817,386,21,1376.28,0.0105,1.11,20.42,3.21
2026-03-26,Campana_BOFU_2,OUTCOME_LEADS,facebook,21.57,886,13,0,0.0,0.0147,1.66,0.0,0.0
2026-02-01,Campana_BOFU_1,OUTCOME_LEADS,facebook,243.7,22688,182,1,32.61,0.008,1.34,243.7,0.13
2026-03-28,Campana_BOFU_1,OUTCOME_LEADS,facebook,425.96,21304,678,5,315.97,0.0318,0.63,85.19,0.74
2026-02-02,Campana_BOFU_2,OUTCOME_LEADS,facebook,36.96,2062,37,0,0.0,0.0179,1.0,0.0,0.0
2026-03-08,Campana_BOFU_1,OUTCOME_TRAFFIC,facebook,110.91,5604,138,2,77.91,0.0246,0.8,55.46,0.7
2026-01-18,Campana_MOFU_3,CONVERSIONS,instagram,18.62,1307,13,0,0.0,0.0099,1.43,0.0,0.0
2026-01-25,Campana_BOFU_1,OUTCOME_TRAFFIC,audience_network,370.5,23536,466,9,359.07,0.0198,0.8,41.17,0.97
2026-02-23,Campana_BOFU_3,CONVERSIONS,facebook,120.28,6147,64,2,164.07,0.0104,1.88,60.14,1.36
2026-02-27,Campana_MOFU_1,OUTCOME_TRAFFIC,audience_network,169.85,26958,271,5,240.33,0.0101,0.63,33.97,1.41
2026-03-08,Campana_BOFU_2,OUTCOME_TRAFFIC,instagram,278.93,14848,151,2,159.0,0.0102,1.85,139.46,0.57
2026-02-15,Campana_MOFU_3,OUTCOME_TRAFFIC,audience_network,229.67,20176,590,6,350.31,0.0292,0.39,38.28,1.53
2026-01-24,Campana_BOFU_3,OUTCOME_LEADS,audience_network,350.27,24802,336,5,233.42,0.0135,1.04,70.05,0.67
2026-02-01,Campana_MOFU_1,CONVERSIONS,instagram,389.02,58366,1707,76,6216.19,0.0292,0.23,5.12,15.98
2026-02-16,Campana_BOFU_3,OUTCOME_LEADS,instagram,232.25,14367,170,2,104.52,0.0118,1.37,116.12,0.45
2026-03-27,Campana_MOFU_3,OUTCOME_TRAFFIC,instagram,24.53,2093,45,0,0.0,0.0215,0.55,0.0,0.0
2026-01-23,Campana_MOFU_3,OUTCOME_TRAFFIC,facebook,347.53,25213,647,5,176.83,0.0257,0.54,69.51,0.51
2026-03-07,Campana_MOFU_2,CONVERSIONS,facebook,95.76,5142,163,11,764.87,0.0317,0.59,8.71,7.99
2026-01-27,Campana_BOFU_3,CONVERSIONS,facebook,149.77,13933,305,15,722.96,0.0219,0.49,9.98,4.83
2026-01-02,Campana_BOFU_2,CONVERSIONS,facebook,148.89,6373,214,8,384.3,0.0336,0.7,18.61,2.58
2026-03-31,Campana_BOFU_2,OUTCOME_LEADS,audience_network,115.83,9609,311,1,78.88,0.0324,0.37,115.83,0.68
2026-01-17,Campana_MOFU_3,CONVERSIONS,instagram,360.6,15813,273,13,675.27,0.0173,1.32,27.74,1.87
2026-02-02,Campana_MOFU_3,CONVERSIONS,facebook,214.75,15549,427,18,1022.57,0.0275,0.5,11.93,4.76
2026-01-09,Campana_MOFU_2,CONVERSIONS,audience_network,15.87,807,22,1,35.49,0.0273,0.72,15.87,2.24
2026-02-12,Campana_BOFU_1,OUTCOME_LEADS,facebook,195.18,9800,311,2,132.5,0.0317,0.63,97.59,0.68
2026-02-17,Campana_BOFU_3,OUTCOME_LEADS,facebook,107.17,8999,112,0,0.0,0.0124,0.96,0.0,0.0
2026-02-08,Campana_BOFU_3,OUTCOME_LEADS,audience_network,340.98,20216,700,7,518.01,0.0346,0.49,48.71,1.52
2026-02-11,Campana_BOFU_1,OUTCOME_TRAFFIC,audience_network,317.95,16439,207,2,103.55,0.0126,1.54,158.98,0.33
2026-01-26,Campana_MOFU_3,CONVERSIONS,instagram,24.63,1028,27,1,85.65,0.0263,0.91,24.63,3.48
2026-02-19,Campana_BOFU_2,CONVERSIONS,audience_network,64.71,3151,82,5,434.22,0.026,0.79,12.94,6.71
2026-01-25,Campana_BOFU_1,CONVERSIONS,instagram,359.85,49214,1023,54,3555.78,0.0208,0.35,6.66,9.88
2026-01-24,Campana_BOFU_2,CONVERSIONS,instagram,329.7,20380,623,43,3432.1,0.0306,0.53,7.67,10.41
2026-01-13,Campana_BOFU_3,OUTCOME_TRAFFIC,instagram,359.33,24654,319,5,411.83,0.0129,1.13,71.87,1.15
2026-03-01,Campana_BOFU_3,OUTCOME_TRAFFIC,facebook,193.24,10555,88,0,0.0,0.0083,2.2,0.0,0.0
2026-01-07,Campana_BOFU_2,OUTCOME_LEADS,instagram,184.39,11316,386,2,134.28,0.0341,0.48,92.2,0.73
2026-02-26,Campana_MOFU_2,OUTCOME_LEADS,instagram,238.32,9611,136,2,55.57,0.0142,1.75,119.16,0.23
2026-02-05,Campana_BOFU_3,OUTCOME_TRAFFIC,audience_network,167.48,12806,126,1,55.18,0.0098,1.33,167.48,0.33
2026-02-14,Campana_MOFU_1,OUTCOME_TRAFFIC,instagram,167.23,7069,128,2,159.5,0.0181,1.31,83.62,0.95
2026-01-20,Campana_BOFU_1,OUTCOME_TRAFFIC,instagram,351.17,21386,209,3,188.82,0.0098,1.68,117.06,0.54
2026-03-06,Campana_MOFU_2,CONVERSIONS,instagram,364.31,22996,271,16,1045.29,0.0118,1.34,22.77,2.87
2026-01-08,Campana_MOFU_2,OUTCOME_TRAFFIC,audience_network,303.18,24076,446,3,125.36,0.0185,0.68,101.06,0.41
2026-01-16,Campana_BOFU_3,CONVERSIONS,instagram,401.77,23637,592,17,948.68,0.025,0.68,23.63,2.36
2026-01-14,Campana_MOFU_2,OUTCOME_TRAFFIC,instagram,183.0,10650,138,1,81.0,0.013,1.33,183.0,0.44
2026-03-17,Campana_MOFU_3,OUTCOME_LEADS,audience_network,96.75,12964,347,3,235.26,0.0268,0.28,32.25,2.43
2026-03-28,Campana_BOFU_2,OUTCOME_LEADS,facebook,133.3,6959,105,2,132.73,0.0151,1.27,66.65,1.0
2026-01-15,Campana_BOFU_1,OUTCOME_LEADS,facebook,374.27,25289,392,5,392.72,0.0155,0.95,74.85,1.05
2026-03-07,Campana_BOFU_2,OUTCOME_TRAFFIC,facebook,369.5,17779,507,3,92.24,0.0285,0.73,123.17,0.25
2026-02-01,Campana_MOFU_2,CONVERSIONS,facebook,216.84,19683,378,27,2121.69,0.0192,0.57,8.03,9.78
2026-03-28,Campana_MOFU_1,OUTCOME_LEADS,instagram,355.94,25153,337,4,291.42,0.0134,1.06,88.98,0.82
2026-03-04,Campana_MOFU_2,OUTCOME_LEADS,instagram,382.52,35645,840,5,155.85,0.0236,0.46,76.5,0.41
2026-03-27,Campana_MOFU_1,OUTCOME_TRAFFIC,facebook,340.46,15964,497,9,366.28,0.0311,0.69,37.83,1.08
2026-02-20,Campana_MOFU_2,CONVERSIONS,facebook,433.1,18877,583,25,647.26,0.0309,0.74,17.32,1.49
2026-01-25,Campana_MOFU_1,CONVERSIONS,audience_network,21.85,3454,113,7,315.57,0.0327,0.19,3.12,14.44
2026-02-27,Campana_BOFU_3,OUTCOME_LEADS,audience_network,423.21,30487,575,6,177.04,0.0189,0.74,70.54,0.42
2026-03-04,Campana_MOFU_2,OUTCOME_TRAFFIC,audience_network,207.4,10668,197,1,63.8,0.0185,1.05,207.4,0.31
2026-03-03,Campana_BOFU_3,OUTCOME_LEADS,instagram,163.73,10216,140,2,177.55,0.0137,1.17,81.86,1.08
2026-01-22,Campana_MOFU_1,OUTCOME_LEADS,facebook,215.61,9036,195,3,237.4,0.0216,1.11,71.87,1.1
2026-02-27,Campana_BOFU_3,OUTCOME_TRAFFIC,instagram,177.31,7421,92,1,69.91,0.0124,1.93,177.31,0.39
2026-02-27,Campana_BOFU_1,CONVERSIONS,instagram,134.75,15025,378,21,769.82,0.0252,0.36,6.42,5.71
2026-03-27,Campana_MOFU_1,OUTCOME_LEADS,instagram,267.18,18293,614,3,208.65,0.0336,0.44,89.06,0.78
2026-02-18,Campana_BOFU_1,OUTCOME_TRAFFIC,audience_network,319.34,14565,432,8,478.69,0.0297,0.74,39.92,1.5
2026-02-21,Campana_BOFU_2,OUTCOME_LEADS,facebook,81.86,4849,75,1,62.91,0.0155,1.09,81.86,0.77
2026-02-11,Campana_MOFU_1,OUTCOME_TRAFFIC,instagram,320.65,44142,628,11,715.66,0.0142,0.51,29.15,2.23
2026-03-11,Campana_MOFU_3,OUTCOME_LEADS,audience_network,106.89,4772,152,1,72.93,0.0319,0.7,106.89,0.68
2026-01-15,Campana_BOFU_1,OUTCOME_TRAFFIC,audience_network,28.06,1217,30,0,0.0,0.0247,0.94,0.0,0.0
2026-02-23,Campana_MOFU_2,OUTCOME_LEADS,instagram,160.85,22115,759,13,1045.4,0.0343,0.21,12.37,6.5
2026-03-01,Campana_MOFU_3,CONVERSIONS,audience_network,255.07,12146,233,7,391.1,0.0192,1.09,36.44,1.53
2026-01-08,Campana_BOFU_2,OUTCOME_LEADS,instagram,47.55,3318,74,1,35.79,0.0223,0.64,47.55,0.75
2026-02-22,Campana_MOFU_1,OUTCOME_TRAFFIC,audience_network,156.92,13425,191,1,41.67,0.0142,0.82,156.92,0.27
2026-03-01,Campana_BOFU_1,CONVERSIONS,facebook,42.22,4222,125,3,141.82,0.0296,0.34,14.07,3.36
2026-01-05,Campana_MOFU_3,OUTCOME_LEADS,audience_network,146.55,8772,260,1,62.75,0.0296,0.56,146.55,0.43
2026-03-09,Campana_MOFU_3,OUTCOME_TRAFFIC,instagram,395.8,27499,950,10,714.87,0.0345,0.42,39.58,1.81
2026-01-06,Campana_MOFU_2,OUTCOME_LEADS,facebook,97.97,7778,177,3,204.52,0.0228,0.55,32.66,2.09
2026-02-16,Campana_BOFU_2,OUTCOME_TRAFFIC,audience_network,249.04,11339,393,7,344.02,0.0347,0.63,35.58,1.38
2026-02-24,Campana_BOFU_3,CONVERSIONS,instagram,219.83,11905,275,16,1084.41,0.0231,0.8,13.74,4.93
2026-02-09,Campana_BOFU_1,OUTCOME_TRAFFIC,instagram,68.61,3560,68,0,0.0,0.0191,1.01,0.0,0.0
2026-02-21,Campana_MOFU_2,CONVERSIONS,facebook,370.77,23626,658,33,2690.31,0.0279,0.56,11.24,7.26
2026-01-16,Campana_MOFU_3,OUTCOME_TRAFFIC,facebook,337.6,29852,344,6,214.47,0.0115,0.98,56.27,0.64
2026-01-13,Campana_BOFU_3,OUTCOME_TRAFFIC,facebook,191.85,8283,201,2,122.64,0.0243,0.95,95.92,0.64
2026-01-30,Campana_MOFU_3,CONVERSIONS,instagram,177.93,8410,150,3,183.57,0.0178,1.19,59.31,1.03
2026-01-19,Campana_MOFU_2,OUTCOME_TRAFFIC,facebook,91.18,4854,67,0,0.0,0.0138,1.36,0.0,0.0
2026-01-17,Campana_BOFU_2,OUTCOME_TRAFFIC,audience_network,129.51,21540,678,11,723.54,0.0315,0.19,11.77,5.59
2026-03-04,Campana_MOFU_2,CONVERSIONS,instagram,130.44,7889,105,3,121.23,0.0133,1.24,43.48,0.93
2026-01-19,Campana_BOFU_3,CONVERSIONS,audience_network,141.79,14259,205,15,831.37,0.0144,0.69,9.45,5.86
2026-02-27,Campana_BOFU_1,CONVERSIONS,facebook,82.2,5387,105,5,449.86,0.0195,0.78,16.44,5.47
2026-02-24,Campana_BOFU_2,CONVERSIONS,instagram,374.99,40568,357,11,518.39,0.0088,1.05,34.09,1.38
2026-03-31,Campana_BOFU_3,OUTCOME_TRAFFIC,facebook,218.72,10567,119,1,43.1,0.0113,1.84,218.72,0.2
2026-03-31,Campana_BOFU_1,CONVERSIONS,instagram,448.43,21228,601,19,889.97,0.0283,0.75,23.6,1.98
2026-03-03,Campana_MOFU_1,CONVERSIONS,facebook,63.54,3618,56,1,49.68,0.0155,1.13,63.54,0.78
2026-01-23,Campana_BOFU_2,OUTCOME_LEADS,audience_network,341.58,40740,1175,10,690.31,0.0288,0.29,34.16,2.02
2026-01-09,Campana_MOFU_2,OUTCOME_TRAFFIC,instagram,174.16,14461,408,4,122.76,0.0282,0.43,43.54,0.7
2026-01-12,Campana_BOFU_1,OUTCOME_TRAFFIC,audience_network,165.11,25123,853,12,1027.9,0.034,0.19,13.76,6.23
2026-01-01,Campana_MOFU_1,OUTCOME_TRAFFIC,facebook,299.22,30994,495,7,447.83,0.016,0.6,42.75,1.5
2026-02-27,Campana_MOFU_1,OUTCOME_LEADS,instagram,412.12,33087,671,10,602.96,0.0203,0.61,41.21,1.46
2026-01-01,Campana_MOFU_1,OUTCOME_TRAFFIC,instagram,360.6,31955,378,3,240.66,0.0118,0.95,120.2,0.67
2026-02-03,Campana_BOFU_2,OUTCOME_LEADS,facebook,421.94,44279,799,15,435.26,0.018,0.53,28.13,1.03
2026-02-17,Campana_BOFU_1,OUTCOME_TRAFFIC,audience_network,80.46,3298,66,0,0.0,0.02,1.22,0.0,0.0
2026-03-30,Campana_BOFU_2,OUTCOME_LEADS,instagram,302.93,14943,423,5,418.92,0.0283,0.72,60.59,1.38
2026-01-01,Campana_MOFU_2,OUTCOME_TRAFFIC,instagram,424.57,20314,416,7,288.5,0.0205,1.02,60.65,0.68
2026-01-16,Campana_BOFU_2,OUTCOME_TRAFFIC,audience_network,170.19,8345,133,1,31.96,0.0159,1.28,170.19,0.19
2026-03-02,Campana_MOFU_3,CONVERSIONS,instagram,95.32,7625,149,10,327.93,0.0195,0.64,9.53,3.44
2026-03-05,Campana_MOFU_3,CONVERSIONS,facebook,65.86,3473,116,3,218.11,0.0334,0.57,21.95,3.31
2026-03-04,Campana_BOFU_1,CONVERSIONS,facebook,184.7,14489,133,4,103.95,0.0092,1.39,46.18,0.56
2026-03-10,Campana_BOFU_3,OUTCOME_LEADS,facebook,372.13,22196,571,10,509.69,0.0257,0.65,37.21,1.37
2026-01-22,Campana_BOFU_1,CONVERSIONS,audience_network,125.46,6026,64,1,48.5,0.0106,1.96,125.46,0.39
2026-03-08,Campana_BOFU_3,CONVERSIONS,instagram,108.39,14893,358,23,623.5,0.024,0.3,4.71,5.75
2026-03-17,Campana_MOFU_3,OUTCOME_TRAFFIC,audience_network,90.05,5362,85,1,78.22,0.0159,1.06,90.05,0.87
2026-01-26,Campana_BOFU_2,OUTCOME_LEADS,facebook,28.82,1381,19,0,0.0,0.0138,1.52,0.0,0.0
2026-01-16,Campana_MOFU_1,CONVERSIONS,facebook,214.2,20788,510,17,1063.28,0.0245,0.42,12.6,4.96
2026-02-20,Campana_MOFU_3,OUTCOME_LEADS,facebook,339.15,45509,1464,24,846.95,0.0322,0.23,14.13,2.5
2026-03-27,Campana_BOFU_1,CONVERSIONS,instagram,105.94,13922,286,13,1035.57,0.0205,0.37,8.15,9.78
2026-02-26,Campana_MOFU_3,OUTCOME_LEADS,audience_network,75.73,4467,127,2,85.85,0.0284,0.6,37.86,1.13
2026-01-29,Campana_BOFU_3,OUTCOME_LEADS,facebook,421.18,22174,495,2,111.83,0.0223,0.85,210.59,0.27
2026-03-19,Campana_MOFU_1,OUTCOME_LEADS,instagram,299.56,16861,286,5,399.58,0.017,1.05,59.91,1.33
2026-03-10,Campana_MOFU_1,OUTCOME_TRAFFIC,audience_network,281.57,11815,305,1,48.05,0.0258,0.92,281.57,0.17
2026-02-16,Campana_MOFU_1,OUTCOME_TRAFFIC,instagram,377.64,17582,431,4,166.39,0.0245,0.88,94.41,0.44
2026-03-03,Campana_BOFU_1,OUTCOME_TRAFFIC,facebook,246.27,15185,235,1,43.72,0.0155,1.05,246.27,0.18
2026-03-10,Campana_BOFU_3,OUTCOME_LEADS,facebook,110.74,6987,189,1,45.65,0.0271,0.59,110.74,0.41
2026-03-17,Campana_BOFU_3,OUTCOME_TRAFFIC,facebook,151.18,6905,64,0,0.0,0.0093,2.36,0.0,0.0
2026-01-16,Campana_BOFU_2,CONVERSIONS,facebook,139.28,18003,297,6,454.58,0.0165,0.47,23.21,3.26
2026-03-31,Campana_MOFU_1,OUTCOME_LEADS,audience_network,403.71,21818,179,3,121.24,0.0082,2.26,134.57,0.3
2026-03-31,Campana_MOFU_1,CONVERSIONS,audience_network,232.71,16340,240,12,514.02,0.0147,0.97,19.39,2.21
2026-02-17,Campana_BOFU_2,OUTCOME_LEADS,audience_network,258.34,11882,323,4,184.33,0.0272,0.8,64.58,0.71
2026-03-26,Campana_BOFU_1,CONVERSIONS,audience_network,165.43,8822,262,20,1020.28,0.0297,0.63,8.27,6.17
2026-02-08,Campana_BOFU_3,CONVERSIONS,audience_network,354.38,14200,186,8,424.11,0.0131,1.91,44.3,1.2
2026-02-02,Campana_BOFU_3,CONVERSIONS,facebook,93.81,5260,73,2,121.04,0.0139,1.29,46.9,1.29
2026-01-23,Campana_MOFU_3,CONVERSIONS,instagram,89.36,6408,182,13,396.09,0.0284,0.49,6.87,4.43
2026-01-10,Campana_BOFU_2,OUTCOME_LEADS,audience_network,365.16,52199,642,6,179.95,0.0123,0.57,60.86,0.49
2026-03-10,Campana_BOFU_3,OUTCOME_TRAFFIC,facebook,378.2,15424,179,1,81.45,0.0116,2.11,378.2,0.22
2026-02-03,Campana_MOFU_1,CONVERSIONS,instagram,418.21,41570,803,16,1292.27,0.0193,0.52,26.14,3.09
2026-02-21,Campana_BOFU_3,OUTCOME_LEADS,instagram,355.0,29681,436,6,292.0,0.0147,0.81,59.17,0.82
2026-01-10,Campana_MOFU_1,OUTCOME_TRAFFIC,instagram,251.73,22416,608,5,418.88,0.0271,0.41,50.35,1.66
2026-01-19,Campana_MOFU_3,OUTCOME_TRAFFIC,facebook,377.08,17697,248,2,156.25,0.014,1.52,188.54,0.41
2026-02-27,Campana_MOFU_2,OUTCOME_LEADS,instagram,161.79,7176,73,0,0.0,0.0102,2.22,0.0,0.0
2026-01-01,Campana_BOFU_2,OUTCOME_TRAFFIC,facebook,393.73,19279,532,6,420.58,0.0276,0.74,65.62,1.07
2026-03-10,Campana_MOFU_1,OUTCOME_TRAFFIC,facebook,263.82,12384,353,2,69.4,0.0285,0.75,131.91,0.26
2026-01-04,Campana_MOFU_3,OUTCOME_TRAFFIC,instagram,192.68,10187,97,0,0.0,0.0095,1.99,0.0,0.0
2026-01-16,Campana_MOFU_2,OUTCOME_TRAFFIC,audience_network,364.24,34092,1171,11,516.18,0.0343,0.31,33.11,1.42
2026-01-24,Campana_MOFU_1,CONVERSIONS,audience_network,63.34,3458,109,7,239.2,0.0315,0.58,9.05,3.78
2026-03-21,Campana_MOFU_1,OUTCOME_LEADS,instagram,34.7,1878,42,0,0.0,0.0224,0.83,0.0,0.0
2026-01-02,Campana_MOFU_1,CONVERSIONS,instagram,28.06,1942,41,1,35.99,0.0211,0.68,28.06,1.28
2026-02-01,Campana_BOFU_3,CONVERSIONS,facebook,391.75,34067,702,40,2069.1,0.0206,0.56,9.79,5.28
2026-03-25,Campana_BOFU_2,OUTCOME_LEADS,facebook,232.81,12755,110,1,43.13,0.0086,2.12,232.81,0.19
2026-01-24,Campana_BOFU_3,OUTCOME_TRAFFIC,facebook,354.09,56135,1689,9,745.6,0.0301,0.21,39.34,2.11
2026-01-12,Campana_MOFU_1,CONVERSIONS,audience_network,106.49,5184,76,5,158.42,0.0147,1.4,21.3,1.49
2026-02-19,Campana_BOFU_2,OUTCOME_TRAFFIC,instagram,308.12,13947,233,3,190.88,0.0167,1.32,102.71,0.62
2026-02-04,Campana_BOFU_2,CONVERSIONS,instagram,265.28,18744,289,19,754.45,0.0154,0.92,13.96,2.84
2026-02-02,Campana_MOFU_1,OUTCOME_LEADS,facebook,287.02,14212,197,1,33.51,0.0139,1.46,287.02,0.12
2026-02-02,Campana_MOFU_3,CONVERSIONS,instagram,34.57,1732,29,1,85.38,0.0167,1.19,34.57,2.47
2026-03-02,Campana_BOFU_1,OUTCOME_LEADS,facebook,285.89,13404,411,5,377.67,0.0307,0.7,57.18,1.32
2026-02-20,Campana_BOFU_3,OUTCOME_LEADS,audience_network,290.53,13636,255,4,253.92,0.0187,1.14,72.63,0.87
2026-02-12,Campana_MOFU_1,CONVERSIONS,audience_network,232.62,31785,331,18,848.92,0.0104,0.7,12.92,3.65
2026-01-12,Campana_BOFU_2,OUTCOME_LEADS,instagram,325.9,28158,624,9,751.65,0.0222,0.52,36.21,2.31
2026-03-08,Campana_BOFU_1,CONVERSIONS,facebook,310.64,12958,207,4,170.71,0.016,1.5,77.66,0.55
2026-03-06,Campana_BOFU_3,CONVERSIONS,facebook,290.66,16824,141,8,368.24,0.0084,2.06,36.33,1.27
2026-02-02,Campana_MOFU_2,OUTCOME_TRAFFIC,instagram,70.41,8382,251,4,219.77,0.0299,0.28,17.6,3.12
2026-02-09,Campana_MOFU_1,OUTCOME_LEADS,facebook,59.99,4398,121,2,65.37,0.0275,0.5,30.0,1.09
2026-03-15,Campana_BOFU_1,CONVERSIONS,audience_network,155.39,9398,112,2,155.99,0.0119,1.39,77.69,1.0
2026-02-12,Campana_MOFU_2,OUTCOME_TRAFFIC,audience_network,405.97,24590,736,7,478.15,0.0299,0.55,58.0,1.18
2026-02-13,Campana_MOFU_2,OUTCOME_TRAFFIC,facebook,184.61,12208,143,0,0.0,0.0117,1.29,0.0,0.0
2026-01-29,Campana_MOFU_3,OUTCOME_TRAFFIC,facebook,53.13,7327,234,2,91.6,0.0319,0.23,26.56,1.72
2026-01-13,Campana_MOFU_2,OUTCOME_TRAFFIC,facebook,190.18,10128,267,2,67.32,0.0264,0.71,95.09,0.35
2026-01-12,Campana_BOFU_3,OUTCOME_TRAFFIC,facebook,266.64,13905,374,6,490.42,0.0269,0.71,44.44,1.84
2026-02-15,Campana_MOFU_3,OUTCOME_TRAFFIC,instagram,55.24,2652,69,1,44.99,0.026,0.8,55.24,0.81
2026-01-02,Campana_MOFU_2,CONVERSIONS,instagram,116.16,11283,258,13,563.51,0.0229,0.45,8.94,4.85
2026-02-04,Campana_BOFU_3,CONVERSIONS,facebook,52.42,7400,80,4,241.53,0.0108,0.66,13.1,4.61
2026-03-28,Campana_MOFU_3,OUTCOME_TRAFFIC,instagram,143.61,6054,133,1,50.95,0.022,1.08,143.61,0.35
2026-03-22,Campana_MOFU_1,OUTCOME_LEADS,facebook,281.93,12225,365,5,362.32,0.0299,0.77,56.39,1.29
2026-03-31,Campana_BOFU_3,OUTCOME_TRAFFIC,facebook,448.51,23228,669,6,517.21,0.0288,0.67,74.75,1.15
2026-01-08,Campana_MOFU_2,OUTCOME_LEADS,facebook,152.36,21517,617,9,418.84,0.0287,0.25,16.93,2.75
2026-01-26,Campana_MOFU_3,OUTCOME_TRAFFIC,facebook,309.11,26112,469,6,458.11,0.018,0.66,51.52,1.48
2026-03-15,Campana_BOFU_2,OUTCOME_TRAFFIC,audience_network,165.35,7690,158,0,0.0,0.0205,1.05,0.0,0.0
2026-03-31,Campana_MOFU_3,OUTCOME_LEADS,audience_network,301.27,12071,243,2,102.09,0.0201,1.24,150.64,0.34
2026-02-03,Campana_MOFU_3,CONVERSIONS,audience_network,15.08,853,21,0,0.0,0.0246,0.72,0.0,0.0
2026-01-07,Campana_BOFU_2,OUTCOME_LEADS,audience_network,195.51,9834,114,0,0.0,0.0116,1.72,0.0,0.0
2026-03-09,Campana_BOFU_2,OUTCOME_LEADS,facebook,276.79,16231,305,3,99.73,0.0188,0.91,92.26,0.36
2026-02-27,Campana_MOFU_2,OUTCOME_LEADS,facebook,284.69,14776,203,1,48.64,0.0137,1.4,284.69,0.17
2026-03-16,Campana_MOFU_2,OUTCOME_TRAFFIC,facebook,125.6,10814,241,3,190.59,0.0223,0.52,41.87,1.52
2026-01-29,Campana_BOFU_1,OUTCOME_LEADS,facebook,77.41,8719,171,2,60.48,0.0196,0.45,38.7,0.78
2026-02-05,Campana_MOFU_3,OUTCOME_LEADS,audience_network,233.58,23799,392,6,507.16,0.0165,0.6,38.93,2.17
2026-03-30,Campana_MOFU_1,OUTCOME_LEADS,instagram,135.53,5676,64,1,88.11,0.0113,2.12,135.53,0.65
2026-01-21,Campana_MOFU_2,OUTCOME_LEADS,instagram,277.45,13067,270,3,269.15,0.0207,1.03,92.48,0.97
2026-02-05,Campana_MOFU_3,CONVERSIONS,instagram,224.36,10492,353,7,622.05,0.0336,0.64,32.05,2.77
2026-01-10,Campana_MOFU_2,OUTCOME_TRAFFIC,facebook,136.95,16090,319,4,199.05,0.0198,0.43,34.24,1.45
2026-03-14,Campana_MOFU_3,OUTCOME_LEADS,audience_network,97.34,6609,187,3,237.9,0.0283,0.52,32.45,2.44
2026-01-24,Campana_BOFU_2,OUTCOME_TRAFFIC,audience_network,270.78,21306,630,8,629.48,0.0296,0.43,33.85,2.32
2026-03-05,Campana_MOFU_3,OUTCOME_LEADS,facebook,208.74,33255,488,8,285.61,0.0147,0.43,26.09,1.37
2026-02-18,Campana_MOFU_1,OUTCOME_TRAFFIC,audience_network,223.08,34859,1050,18,1371.66,0.0301,0.21,12.39,6.15
2026-02-05,Campana_MOFU_2,OUTCOME_TRAFFIC,instagram,251.2,19172,477,2,68.58,0.0249,0.53,125.6,0.27
2026-03-23,Campana_BOFU_2,CONVERSIONS,audience_network,275.13,20660,642,49,4039.15,0.0311,0.43,5.61,14.68
2026-01-24,Campana_BOFU_2,OUTCOME_TRAFFIC,audience_network,41.99,5711,134,1,82.07,0.0235,0.31,41.99,1.95
2026-01-23,Campana_MOFU_1,OUTCOME_LEADS,facebook,64.39,2747,79,1,83.68,0.0288,0.82,64.39,1.3
2026-03-03,Campana_BOFU_1,CONVERSIONS,facebook,158.72,9230,187,8,687.2,0.0203,0.85,19.84,4.33
2026-02-06,Campana_BOFU_1,CONVERSIONS,instagram,344.19,18181,226,5,349.49,0.0124,1.52,68.84,1.02
2026-01-12,Campana_MOFU_2,OUTCOME_TRAFFIC,facebook,77.01,5807,133,0,0.0,0.0229,0.58,0.0,0.0
2026-02-24,Campana_MOFU_1,OUTCOME_TRAFFIC,facebook,39.11,3181,91,1,67.44,0.0286,0.43,39.11,1.72
2026-01-13,Campana_MOFU_1,CONVERSIONS,instagram,445.01,65566,2237,118,10337.43,0.0341,0.2,3.77,23.23
2026-01-23,Campana_MOFU_3,CONVERSIONS,facebook,88.73,12732,314,10,632.0,0.0247,0.28,8.87,7.12
2026-03-30,Campana_MOFU_2,OUTCOME_LEADS,audience_network,416.26,56388,878,8,606.86,0.0156,0.47,52.03,1.46
2026-01-30,Campana_BOFU_3,OUTCOME_TRAFFIC,facebook,313.97,12936,358,4,263.99,0.0277,0.88,78.49,0.84
2026-01-17,Campana_BOFU_3,OUTCOME_TRAFFIC,instagram,93.69,4422,75,1,52.3,0.017,1.25,93.69,0.56
2026-03-03,Campana_BOFU_3,CONVERSIONS,audience_network,242.02,33192,427,33,2734.35,0.0129,0.57,7.33,11.3
2026-03-25,Campana_BOFU_3,OUTCOME_LEADS,facebook,284.1,16908,162,2,149.96,0.0096,1.75,142.05,0.53
2026-03-30,Campana_MOFU_2,OUTCOME_LEADS,audience_network,427.93,18841,612,12,462.49,0.0325,0.7,35.66,1.08
2026-03-27,Campana_BOFU_3,OUTCOME_TRAFFIC,audience_network,319.82,18603,620,6,245.08,0.0333,0.52,53.3,0.77
2026-01-13,Campana_MOFU_2,CONVERSIONS,audience_network,255.76,15191,207,13,346.29,0.0136,1.24,19.67,1.35
2026-02-28,Campana_BOFU_2,OUTCOME_TRAFFIC,instagram,33.84,1754,29,0,0.0,0.0165,1.17,0.0,0.0
2026-01-19,Campana_BOFU_1,OUTCOME_TRAFFIC,facebook,334.74,19027,403,2,83.97,0.0212,0.83,167.37,0.25
2026-02-18,Campana_MOFU_2,CONVERSIONS,facebook,94.5,7834,150,11,448.44,0.0191,0.63,8.59,4.75
2026-01-12,Campana_MOFU_3,CONVERSIONS,audience_network,269.4,11277,143,6,185.65,0.0127,1.88,44.9,0.69
2026-03-02,Campana_BOFU_2,CONVERSIONS,facebook,69.54,6427,162,5,285.72,0.0252,0.43,13.91,4.11
2026-01-19,Campana_MOFU_3,OUTCOME_TRAFFIC,instagram,402.44,23206,693,7,516.19,0.0299,0.58,57.49,1.28
2026-03-17,Campana_BOFU_3,CONVERSIONS,facebook,157.43,17247,222,14,700.11,0.0129,0.71,11.24,4.45
2026-01-09,Campana_BOFU_1,CONVERSIONS,facebook,270.78,19199,472,11,337.77,0.0246,0.57,24.62,1.25
2026-03-12,Campana_BOFU_2,OUTCOME_LEADS,instagram,325.98,19174,160,1,64.31,0.0083,2.04,325.98,0.2
2026-01-28,Campana_MOFU_1,OUTCOME_TRAFFIC,facebook,149.33,12898,195,1,61.23,0.0151,0.77,149.33,0.41
2026-03-19,Campana_MOFU_2,OUTCOME_TRAFFIC,facebook,260.6,14012,369,7,628.61,0.0263,0.71,37.23,2.41
2026-02-21,Campana_BOFU_2,CONVERSIONS,audience_network,72.82,4016,66,1,33.95,0.0164,1.1,72.82,0.47
2026-03-24,Campana_BOFU_3,OUTCOME_TRAFFIC,facebook,75.08,3363,72,1,40.54,0.0214,1.04,75.08,0.54
2026-01-16,Campana_BOFU_1,OUTCOME_TRAFFIC,instagram,311.01,13121,324,5,152.21,0.0247,0.96,62.2,0.49
2026-03-10,Campana_MOFU_2,OUTCOME_LEADS,instagram,355.12,17279,460,8,404.65,0.0266,0.77,44.39,1.14
2026-01-12,Campana_BOFU_1,CONVERSIONS,instagram,434.87,30764,771,49,2393.77,0.0251,0.56,8.87,5.5
2026-01-25,Campana_BOFU_3,OUTCOME_LEADS,audience_network,295.67,14666,209,2,84.99,0.0143,1.41,147.84,0.29
2026-02-21,Campana_MOFU_3,CONVERSIONS,audience_network,341.81,14833,457,14,1220.23,0.0308,0.75,24.42,3.57
2026-03-26,Campana_MOFU_3,OUTCOME_TRAFFIC,facebook,42.16,2766,30,0,0.0,0.0108,1.41,0.0,0.0
2026-02-22,Campana_MOFU_1,OUTCOME_TRAFFIC,instagram,252.48,10699,337,5,213.95,0.0315,0.75,50.5,0.85
2026-01-23,Campana_MOFU_3,OUTCOME_LEADS,audience_network,386.2,31565,298,4,160.13,0.0094,1.3,96.55,0.41
2026-01-16,Campana_BOFU_3,OUTCOME_LEADS,instagram,42.7,4559,37,0,0.0,0.0081,1.15,0.0,0.0
2026-02-26,Campana_MOFU_2,OUTCOME_LEADS,audience_network,342.04,15963,535,5,404.01,0.0335,0.64,68.41,1.18
2026-02-08,Campana_BOFU_1,CONVERSIONS,facebook,275.06,36396,926,53,3524.12,0.0254,0.3,5.19,12.81
2026-02-22,Campana_MOFU_2,OUTCOME_TRAFFIC,audience_network,432.37,42654,442,3,235.01,0.0104,0.98,144.12,0.54
2026-02-11,Campana_BOFU_2,CONVERSIONS,facebook,97.3,4942,107,6,329.75,0.0217,0.91,16.22,3.39
2026-02-27,Campana_MOFU_2,OUTCOME_TRAFFIC,audience_network,60.85,2773,72,1,48.59,0.026,0.85,60.85,0.8
2026-02-08,Campana_BOFU_1,OUTCOME_TRAFFIC,instagram,192.38,8422,78,1,69.15,0.0093,2.47,192.38,0.36
2026-01-14,Campana_MOFU_1,OUTCOME_TRAFFIC,audience_network,123.22,5155,82,1,50.55,0.0159,1.5,123.22,0.41
2026-01-05,Campana_MOFU_3,CONVERSIONS,facebook,439.46,33769,595,24,1412.05,0.0176,0.74,18.31,3.21
2026-02-04,Campana_MOFU_3,OUTCOME_TRAFFIC,facebook,29.47,3543,68,0,0.0,0.0192,0.43,0.0,0.0
2026-03-28,Campana_BOFU_3,OUTCOME_LEADS,instagram,46.91,2522,60,0,0.0,0.0238,0.78,0.0,0.0
2026-03-16,Campana_MOFU_2,CONVERSIONS,facebook,370.67,16111,500,30,1017.86,0.031,0.74,12.36,2.75
2026-01-18,Campana_BOFU_2,OUTCOME_TRAFFIC,instagram,419.91,22630,637,6,479.8,0.0281,0.66,69.98,1.14
2026-03-17,Campana_MOFU_2,OUTCOME_TRAFFIC,facebook,263.28,17441,545,3,183.0,0.0312,0.48,87.76,0.7
2026-01-09,Campana_MOFU_3,OUTCOME_LEADS,instagram,372.67,18354,510,9,647.83,0.0278,0.73,41.41,1.74
2026-03-15,Campana_BOFU_1,CONVERSIONS,facebook,166.74,12707,314,19,611.6,0.0247,0.53,8.78,3.67
2026-02-27,Campana_MOFU_1,OUTCOME_LEADS,instagram,116.24,16551,217,1,50.47,0.0131,0.54,116.24,0.43
2026-01-17,Campana_BOFU_2,OUTCOME_LEADS,facebook,336.5,17669,530,9,677.31,0.03,0.63,37.39,2.01
2026-01-07,Campana_MOFU_3,OUTCOME_TRAFFIC,instagram,353.45,23956,831,10,891.48,0.0347,0.43,35.34,2.52
2026-02-15,Campana_MOFU_3,OUTCOME_LEADS,instagram,249.2,10027,312,2,141.83,0.0311,0.8,124.6,0.57
2026-01-13,Campana_MOFU_3,CONVERSIONS,audience_network,156.76,6497,73,1,83.77,0.0112,2.15,156.76,0.53
2026-02-09,Campana_BOFU_3,OUTCOME_LEADS,facebook,428.86,49847,1122,8,422.64,0.0225,0.38,53.61,0.99
2026-02-11,Campana_BOFU_1,OUTCOME_TRAFFIC,audience_network,173.02,12070,415,7,510.52,0.0344,0.42,24.72,2.95
2026-01-09,Campana_BOFU_2,OUTCOME_LEADS,facebook,429.73,60149,964,9,412.43,0.016,0.45,47.75,0.96
2026-02-19,Campana_BOFU_1,OUTCOME_TRAFFIC,instagram,413.38,21047,329,3,79.05,0.0156,1.26,137.79,0.19
2026-01-27,Campana_BOFU_2,CONVERSIONS,facebook,372.24,22769,230,17,697.89,0.0101,1.62,21.9,1.87
2026-03-07,Campana_MOFU_2,OUTCOME_TRAFFIC,facebook,225.04,22429,249,4,230.64,0.0111,0.9,56.26,1.02
2026-01-05,Campana_BOFU_1,CONVERSIONS,audience_network,401.36,41017,642,23,1138.7,0.0157,0.63,17.45,2.84
2026-01-29,Campana_MOFU_1,OUTCOME_LEADS,instagram,208.77,12101,325,2,108.14,0.0269,0.64,104.38,0.52
2026-02-06,Campana_MOFU_1,OUTCOME_LEADS,instagram,336.67,18432,224,2,61.37,0.0122,1.5,168.34,0.18
2026-02-07,Campana_BOFU_2,OUTCOME_LEADS,facebook,95.89,3984,54,0,0.0,0.0136,1.78,0.0,0.0
2026-03-24,Campana_BOFU_3,OUTCOME_LEADS,facebook,33.75,3589,66,1,34.18,0.0184,0.51,33.75,1.01
2026-01-08,Campana_BOFU_2,CONVERSIONS,audience_network,284.8,18889,394,26,1712.28,0.0209,0.72,10.95,6.01
2026-03-06,Campana_MOFU_2,OUTCOME_LEADS,facebook,423.06,18052,576,8,620.3,0.0319,0.73,52.88,1.47
2026-03-27,Campana_BOFU_1,CONVERSIONS,facebook,151.46,8378,147,4,255.08,0.0175,1.03,37.86,1.68
2026-01-17,Campana_MOFU_1,CONVERSIONS,instagram,120.2,8528,291,17,1048.66,0.0341,0.41,7.07,8.72
2026-03-12,Campana_MOFU_1,CONVERSIONS,audience_network,345.3,17670,233,11,612.85,0.0132,1.48,31.39,1.77
2026-03-30,Campana_MOFU_1,OUTCOME_LEADS,audience_network,194.7,19892,380,2,124.85,0.0191,0.51,97.35,0.64
2026-02-14,Campana_BOFU_3,OUTCOME_LEADS,facebook,280.27,26502,488,3,103.7,0.0184,0.57,93.42,0.37
2026-01-04,Campana_BOFU_1,CONVERSIONS,facebook,384.28,28364,414,28,1323.97,0.0146,0.93,13.72,3.45
2026-02-05,Campana_BOFU_1,CONVERSIONS,instagram,435.14,43908,1230,64,5279.43,0.028,0.35,6.8,12.13
2026-03-11,Campana_BOFU_2,CONVERSIONS,facebook,100.02,10921,357,14,688.59,0.0327,0.28,7.14,6.88
2026-01-31,Campana_BOFU_1,CONVERSIONS,audience_network,16.67,1072,25,1,28.54,0.0233,0.67,16.67,1.71
2026-01-19,Campana_MOFU_2,OUTCOME_TRAFFIC,audience_network,217.29,21070,591,11,578.0,0.028,0.37,19.75,2.66
2026-03-02,Campana_BOFU_2,OUTCOME_LEADS,facebook,208.51,13635,238,4,247.93,0.0175,0.88,52.13,1.19
2026-02-23,Campana_BOFU_1,CONVERSIONS,audience_network,330.42,15637,476,37,2828.04,0.0304,0.69,8.93,8.56
2026-02-08,Campana_MOFU_3,OUTCOME_TRAFFIC,instagram,337.61,15852,488,5,141.66,0.0308,0.69,67.52,0.42
2026-03-15,Campana_BOFU_2,OUTCOME_LEADS,instagram,268.79,18137,448,5,340.05,0.0247,0.6,53.76,1.27
2026-03-31,Campana_MOFU_3,OUTCOME_TRAFFIC,instagram,103.77,8987,253,3,117.13,0.0282,0.41,34.59,1.13
2026-01-19,Campana_MOFU_1,CONVERSIONS,instagram,431.35,30559,636,46,2719.9,0.0208,0.68,9.38,6.31
2026-02-08,Campana_MOFU_2,OUTCOME_LEADS,instagram,209.33,25082,340,1,27.55,0.0136,0.62,209.33,0.13
2026-03-08,Campana_BOFU_1,OUTCOME_TRAFFIC,audience_network,160.14,11980,140,2,161.41,0.0117,1.14,80.07,1.01
2026-02-14,Campana_MOFU_3,OUTCOME_TRAFFIC,audience_network,333.09,16149,554,7,330.45,0.0343,0.6,47.58,0.99
2026-01-13,Campana_MOFU_2,OUTCOME_LEADS,instagram,231.31,24633,268,4,259.67,0.0109,0.86,57.83,1.12
2026-02-27,Campana_MOFU_2,OUTCOME_TRAFFIC,audience_network,256.64,15013,204,3,91.43,0.0136,1.26,85.55,0.36
2026-01-20,Campana_BOFU_3,CONVERSIONS,audience_network,134.24,6178,172,11,360.16,0.0278,0.78,12.2,2.68
2026-03-13,Campana_BOFU_3,CONVERSIONS,instagram,107.11,15778,263,14,1130.72,0.0167,0.41,7.65,10.56
2026-03-02,Campana_MOFU_2,OUTCOME_TRAFFIC,audience_network,429.61,21845,723,9,376.46,0.0331,0.59,47.73,0.88
2026-02-08,Campana_BOFU_1,OUTCOME_LEADS,instagram,59.1,2808,83,1,28.73,0.0296,0.71,59.1,0.49
2026-01-01,Campana_BOFU_2,CONVERSIONS,instagram,180.19,10164,347,22,1869.32,0.0341,0.52,8.19,10.37
2026-01-03,Campana_BOFU_1,OUTCOME_LEADS,instagram,94.95,7757,164,0,0.0,0.0211,0.58,0.0,0.0
2026-03-18,Campana_MOFU_1,CONVERSIONS,instagram,244.97,19828,436,13,1005.37,0.022,0.56,18.84,4.1
2026-03-03,Campana_MOFU_1,CONVERSIONS,instagram,204.77,11063,219,8,490.25,0.0198,0.94,25.6,2.39
2026-03-04,Campana_BOFU_2,OUTCOME_LEADS,audience_network,403.63,30191,476,7,555.57,0.0158,0.85,57.66,1.38
2026-01-25,Campana_MOFU_2,OUTCOME_LEADS,instagram,415.43,66702,1529,24,1356.63,0.0229,0.27,17.31,3.27
2026-02-25,Campana_BOFU_2,CONVERSIONS,instagram,282.17,26884,566,25,746.71,0.0211,0.5,11.29,2.65
2026-02-02,Campana_BOFU_1,OUTCOME_LEADS,audience_network,126.08,5801,105,2,110.61,0.0181,1.2,63.04,0.88
2026-02-07,Campana_BOFU_2,CONVERSIONS,instagram,181.55,9233,210,16,660.93,0.0227,0.86,11.35,3.64
2026-01-06,Campana_BOFU_1,CONVERSIONS,instagram,283.27,12671,219,12,573.15,0.0173,1.29,23.61,2.02
2026-02-27,Campana_MOFU_2,OUTCOME_LEADS,facebook,58.28,2833,96,1,81.23,0.0339,0.61,58.28,1.39
2026-02-13,Campana_MOFU_2,CONVERSIONS,instagram,289.39,19743,414,27,1169.77,0.021,0.7,10.72,4.04
2026-02-14,Campana_BOFU_1,OUTCOME_LEADS,facebook,64.29,6938,158,1,29.15,0.0228,0.41,64.29,0.45
2026-02-01,Campana_BOFU_3,CONVERSIONS,audience_network,385.64,23196,507,13,338.54,0.0219,0.76,29.66,0.88
2026-02-14,Campana_MOFU_1,OUTCOME_LEADS,facebook,389.39,20277,167,1,80.31,0.0082,2.33,389.39,0.21
2026-03-02,Campana_MOFU_1,OUTCOME_TRAFFIC,instagram,348.36,25387,806,11,917.96,0.0317,0.43,31.67,2.64
2026-02-16,Campana_MOFU_2,CONVERSIONS,facebook,152.55,6916,144,8,409.23,0.0208,1.06,19.07,2.68
2026-01-21,Campana_BOFU_3,OUTCOME_TRAFFIC,audience_network,95.06,4666,97,0,0.0,0.0208,0.98,0.0,0.0
2026-03-21,Campana_BOFU_2,CONVERSIONS,facebook,448.05,30782,456,21,1681.52,0.0148,0.98,21.34,3.75
2026-03-26,Campana_MOFU_2,OUTCOME_TRAFFIC,audience_network,103.54,5023,97,1,26.37,0.0193,1.07,103.54,0.25
2026-03-16,Campana_BOFU_1,OUTCOME_LEADS,facebook,146.29,21800,471,5,331.23,0.0216,0.31,29.26,2.26
2026-02-05,Campana_MOFU_1,OUTCOME_TRAFFIC,facebook,439.98,46063,922,11,856.34,0.02,0.48,40.0,1.95
2026-01-19,Campana_BOFU_3,OUTCOME_LEADS,instagram,134.87,10954,294,4,341.64,0.0268,0.46,33.72,2.53
2026-01-20,Campana_BOFU_2,OUTCOME_TRAFFIC,facebook,117.48,9875,185,1,38.23,0.0187,0.64,117.48,0.33
2026-02-26,Campana_MOFU_3,OUTCOME_TRAFFIC,instagram,35.44,2849,53,0,0.0,0.0186,0.67,0.0,0.0
2026-01-18,Campana_MOFU_2,OUTCOME_TRAFFIC,facebook,393.25,41690,1400,11,508.25,0.0336,0.28,35.75,1.29
2026-02-16,Campana_BOFU_1,OUTCOME_LEADS,facebook,279.57,19351,542,4,115.2,0.028,0.52,69.89,0.41
2026-02-18,Campana_MOFU_2,OUTCOME_LEADS,instagram,175.67,9438,105,2,162.52,0.0111,1.67,87.84,0.93
2026-01-14,Campana_MOFU_3,OUTCOME_LEADS,instagram,81.01,4666,121,1,70.57,0.0259,0.67,81.01,0.87
2026-01-15,Campana_BOFU_1,OUTCOME_TRAFFIC,audience_network,18.2,950,24,0,0.0,0.0253,0.76,0.0,0.0
2026-01-31,Campana_BOFU_3,OUTCOME_TRAFFIC,instagram,387.72,26072,461,6,429.77,0.0177,0.84,64.62,1.11
2026-01-01,Campana_BOFU_3,OUTCOME_LEADS,instagram,435.52,22628,231,4,224.95,0.0102,1.89,108.88,0.52
2026-02-23,Campana_BOFU_1,OUTCOME_TRAFFIC,facebook,196.47,8663,117,2,122.5,0.0135,1.68,98.24,0.62
2026-01-03,Campana_MOFU_1,CONVERSIONS,facebook,141.53,9486,295,11,412.76,0.0311,0.48,12.87,2.92
2026-01-16,Campana_MOFU_3,OUTCOME_TRAFFIC,facebook,102.61,16600,166,1,78.34,0.01,0.62,102.61,0.76
2026-03-28,Campana_BOFU_2,OUTCOME_LEADS,facebook,92.94,4052,82,1,88.94,0.0202,1.13,92.94,0.96
2026-02-26,Campana_BOFU_3,CONVERSIONS,facebook,328.4,28922,375,8,211.36,0.013,0.88,41.05,0.64
2026-03-16,Campana_MOFU_2,OUTCOME_LEADS,facebook,97.13,7000,232,2,87.73,0.0331,0.42,48.56,0.9
2026-01-12,Campana_BOFU_2,CONVERSIONS,facebook,346.42,15079,296,15,840.06,0.0196,1.17,23.09,2.42
2026-03-15,Campana_BOFU_2,OUTCOME_TRAFFIC,instagram,410.36,19616,415,7,201.04,0.0212,0.99,58.62,0.49
2026-01-16,Campana_MOFU_3,OUTCOME_TRAFFIC,instagram,136.23,5625,66,0,0.0,0.0117,2.06,0.0,0.0
2026-03-13,Campana_MOFU_3,CONVERSIONS,facebook,373.29,19171,457,31,1565.42,0.0238,0.82,12.04,4.19
2026-03-17,Campana_BOFU_3,CONVERSIONS,audience_network,170.62,23650,236,6,489.18,0.01,0.72,28.44,2.87
2026-01-24,Campana_MOFU_3,OUTCOME_TRAFFIC,facebook,263.32,11309,92,1,86.64,0.0081,2.86,263.32,0.33
2026-01-28,Campana_MOFU_3,OUTCOME_TRAFFIC,instagram,432.92,26701,223,1,54.25,0.0084,1.94,432.92,0.13
2026-01-08,Campana_MOFU_1,OUTCOME_TRAFFIC,facebook,107.72,4792,162,1,82.37,0.0338,0.66,107.72,0.76
2026-02-05,Campana_MOFU_2,OUTCOME_LEADS,facebook,386.19,24966,606,5,301.73,0.0243,0.64,77.24,0.78
2026-03-31,Campana_MOFU_3,CONVERSIONS,instagram,54.39,2909,33,2,156.23,0.0113,1.65,27.2,2.87
2026-01-08,Campana_BOFU_1,CONVERSIONS,audience_network,27.59,2614,23,0,0.0,0.0088,1.2,0.0,0.0
2026-02-27,Campana_BOFU_3,OUTCOME_LEADS,audience_network,163.8,7657,110,0,0.0,0.0144,1.49,0.0,0.0
2026-03-01,Campana_BOFU_1,OUTCOME_LEADS,audience_network,77.44,8132,105,1,79.91,0.0129,0.74,77.44,1.03
2026-02-19,Campana_BOFU_3,OUTCOME_LEADS,audience_network,75.66,4499,141,1,71.67,0.0313,0.54,75.66,0.95
2026-01-28,Campana_MOFU_1,OUTCOME_LEADS,instagram,129.18,7579,207,1,63.97,0.0273,0.62,129.18,0.5
2026-02-10,Campana_BOFU_2,CONVERSIONS,instagram,166.4,7229,246,11,504.51,0.034,0.68,15.13,3.03
2026-03-05,Campana_BOFU_3,OUTCOME_LEADS,instagram,131.05,15844,225,1,78.41,0.0142,0.58,131.05,0.6
2026-01-27,Campana_BOFU_1,CONVERSIONS,audience_network,152.3,9935,165,5,225.58,0.0166,0.92,30.46,1.48
2026-03-04,Campana_MOFU_1,OUTCOME_TRAFFIC,instagram,354.02,22227,562,9,461.99,0.0253,0.63,39.34,1.3
2026-01-17,Campana_BOFU_1,OUTCOME_TRAFFIC,audience_network,279.19,36338,954,5,318.75,0.0263,0.29,55.84,1.14
2026-03-14,Campana_BOFU_2,OUTCOME_TRAFFIC,instagram,187.01,9813,294,3,135.39,0.03,0.64,62.34,0.72
2026-02-02,Campana_BOFU_3,OUTCOME_LEADS,instagram,429.69,58218,778,7,457.21,0.0134,0.55,61.38,1.06
2026-03-25,Campana_BOFU_2,OUTCOME_LEADS,audience_network,326.18,29249,834,13,331.25,0.0285,0.39,25.09,1.02
2026-03-18,Campana_MOFU_2,OUTCOME_TRAFFIC,facebook,185.05,7536,254,4,162.83,0.0337,0.73,46.26,0.88
2026-01-29,Campana_MOFU_3,OUTCOME_TRAFFIC,audience_network,131.49,9251,96,1,25.82,0.0104,1.37,131.49,0.2
2026-01-13,Campana_MOFU_3,CONVERSIONS,facebook,41.49,2146,17,0,0.0,0.0079,2.44,0.0,0.0
2026-02-15,Campana_MOFU_1,OUTCOME_TRAFFIC,audience_network,348.32,29574,884,8,432.09,0.0299,0.39,43.54,1.24
2026-02-04,Campana_MOFU_2,OUTCOME_TRAFFIC,audience_network,37.87,4743,110,1,54.77,0.0232,0.34,37.87,1.45
2026-01-06,Campana_BOFU_1,OUTCOME_LEADS,facebook,15.9,1451,31,0,0.0,0.0214,0.51,0.0,0.0
2026-03-23,Campana_MOFU_2,OUTCOME_LEADS,instagram,325.79,22549,196,2,88.54,0.0087,1.66,162.9,0.27
2026-03-10,Campana_MOFU_3,CONVERSIONS,audience_network,234.3,19310,289,13,437.63,0.015,0.81,18.02,1.87
2026-02-16,Campana_BOFU_1,CONVERSIONS,audience_network,86.15,7314,181,6,500.9,0.0247,0.48,14.36,5.81
2026-01-25,Campana_MOFU_1,CONVERSIONS,audience_network,295.1,13504,318,18,986.29,0.0235,0.93,16.39,3.34
2026-03-07,Campana_MOFU_2,OUTCOME_TRAFFIC,instagram,292.95,38814,766,7,423.17,0.0197,0.38,41.85,1.44
2026-01-10,Campana_BOFU_2,OUTCOME_TRAFFIC,instagram,110.84,13922,331,4,236.29,0.0238,0.33,27.71,2.13
2026-02-25,Campana_MOFU_2,CONVERSIONS,audience_network,411.14,28795,330,21,1402.84,0.0115,1.25,19.58,3.41
2026-01-30,Campana_MOFU_3,OUTCOME_LEADS,facebook,36.45,3346,39,0,0.0,0.0117,0.93,0.0,0.0
2026-01-05,Campana_MOFU_3,CONVERSIONS,audience_network,372.2,15241,308,15,932.87,0.0202,1.21,24.81,2.51
2026-02-02,Campana_MOFU_2,OUTCOME_LEADS,facebook,89.21,6239,128,2,128.38,0.0205,0.7,44.6,1.44
2026-03-06,Campana_BOFU_3,CONVERSIONS,instagram,318.06,16078,491,38,3359.74,0.0305,0.65,8.37,10.56
2026-01-18,Campana_BOFU_3,OUTCOME_TRAFFIC,audience_network,296.14,16182,185,2,177.72,0.0114,1.6,148.07,0.6
2026-02-18,Campana_BOFU_1,OUTCOME_TRAFFIC,instagram,270.94,26984,286,1,63.53,0.0106,0.95,270.94,0.23
2026-01-11,Campana_BOFU_2,CONVERSIONS,facebook,200.7,13459,445,26,1176.69,0.0331,0.45,7.72,5.86
2026-03-26,Campana_MOFU_3,CONVERSIONS,facebook,162.13,6939,239,14,1093.37,0.0344,0.68,11.58,6.74
2026-01-26,Campana_MOFU_2,CONVERSIONS,instagram,326.17,29398,485,13,878.91,0.0165,0.67,25.09,2.69
2026-03-04,Campana_BOFU_1,CONVERSIONS,audience_network,393.32,17156,345,16,480.05,0.0201,1.14,24.58,1.22
2026-03-30,Campana_MOFU_3,OUTCOME_TRAFFIC,instagram,232.95,13798,161,3,143.63,0.0117,1.45,77.65,0.62
2026-03-27,Campana_BOFU_1,CONVERSIONS,audience_network,98.73,12441,405,28,2083.26,0.0326,0.24,3.53,21.1
2026-02-28,Campana_MOFU_1,OUTCOME_LEADS,instagram,205.55,16436,373,2,148.36,0.0227,0.55,102.78,0.72
2026-01-27,Campana_MOFU_2,OUTCOME_LEADS,facebook,95.15,13433,320,5,130.69,0.0238,0.3,19.03,1.37
2026-02-18,Campana_MOFU_1,OUTCOME_LEADS,audience_network,371.48,30429,530,7,299.77,0.0174,0.7,53.07,0.81
2026-03-18,Campana_BOFU_2,CONVERSIONS,audience_network,128.28,5849,159,9,747.47,0.0272,0.81,14.25,5.83
2026-02-02,Campana_BOFU_2,CONVERSIONS,audience_network,316.83,26826,764,43,1291.37,0.0285,0.41,7.37,4.08
2026-01-01,Campana_BOFU_2,CONVERSIONS,instagram,157.93,9054,151,10,296.01,0.0167,1.05,15.79,1.87
2026-01-21,Campana_BOFU_2,OUTCOME_TRAFFIC,instagram,39.45,1952,60,0,0.0,0.0307,0.66,0.0,0.0
2026-02-24,Campana_BOFU_1,CONVERSIONS,facebook,202.92,30619,1033,33,2517.25,0.0337,0.2,6.15,12.41
2026-01-06,Campana_BOFU_3,OUTCOME_LEADS,facebook,412.95,41201,490,8,460.32,0.0119,0.84,51.62,1.11
2026-03-22,Campana_BOFU_3,CONVERSIONS,audience_network,116.3,12953,342,19,1407.21,0.0264,0.34,6.12,12.1
2026-03-10,Campana_BOFU_3,OUTCOME_TRAFFIC,facebook,191.38,7748,123,1,48.05,0.0159,1.56,191.38,0.25
2026-01-05,Campana_BOFU_3,OUTCOME_TRAFFIC,audience_network,127.65,5624,74,1,38.37,0.0132,1.72,127.65,0.3
2026-01-03,Campana_MOFU_1,OUTCOME_LEADS,facebook,426.39,22608,364,2,89.49,0.0161,1.17,213.2,0.21
2026-02-22,Campana_MOFU_3,CONVERSIONS,audience_network,60.53,4312,127,3,100.41,0.0295,0.48,20.18,1.66
2026-01-23,Campana_BOFU_3,CONVERSIONS,facebook,57.46,6266,206,14,672.2,0.0329,0.28,4.1,11.7
2026-02-22,Campana_BOFU_1,OUTCOME_LEADS,instagram,114.79,11311,107,0,0.0,0.0095,1.07,0.0,0.0
2026-02-06,Campana_MOFU_2,OUTCOME_LEADS,instagram,213.17,9297,217,3,268.37,0.0233,0.98,71.06,1.26
2026-03-15,Campana_MOFU_2,OUTCOME_LEADS,instagram,218.15,11465,161,1,82.66,0.014,1.35,218.15,0.38
2026-03-15,Campana_BOFU_2,OUTCOME_TRAFFIC,facebook,354.6,15222,279,4,211.84,0.0183,1.27,88.65,0.6
2026-03-24,Campana_MOFU_1,OUTCOME_TRAFFIC,facebook,346.53,14567,486,3,245.58,0.0334,0.71,115.51,0.71
2026-01-17,Campana_BOFU_1,CONVERSIONS,facebook,221.22,9772,149,3,106.7,0.0152,1.48,73.74,0.48
2026-03-26,Campana_BOFU_1,OUTCOME_TRAFFIC,instagram,327.93,50185,910,13,448.45,0.0181,0.36,25.23,1.37
2026-03-19,Campana_MOFU_1,OUTCOME_TRAFFIC,audience_network,298.74,21807,525,3,78.3,0.0241,0.57,99.58,0.26
2026-03-14,Campana_BOFU_2,OUTCOME_LEADS,audience_network,92.15,15023,446,2,103.78,0.0297,0.21,46.08,1.13
2026-01-01,Campana_BOFU_1,CONVERSIONS,instagram,360.87,42063,1446,112,3991.95,0.0344,0.25,3.22,11.06
2026-02-20,Campana_MOFU_3,OUTCOME_TRAFFIC,instagram,107.74,5166,69,0,0.0,0.0134,1.56,0.0,0.0
2026-02-14,Campana_BOFU_1,OUTCOME_LEADS,instagram,441.9,24599,473,3,267.3,0.0192,0.93,147.3,0.6
2026-03-18,Campana_BOFU_1,OUTCOME_LEADS,facebook,77.48,4187,115,1,40.84,0.0275,0.67,77.48,0.53
2026-01-04,Campana_MOFU_2,OUTCOME_LEADS,facebook,208.96,10736,298,2,96.96,0.0278,0.7,104.48,0.46
2026-03-03,Campana_MOFU_2,OUTCOME_LEADS,audience_network,70.6,4137,66,0,0.0,0.016,1.07,0.0,0.0
2026-03-06,Campana_BOFU_1,OUTCOME_LEADS,facebook,164.97,12296,394,6,428.83,0.032,0.42,27.5,2.6
2026-02-01,Campana_BOFU_3,OUTCOME_TRAFFIC,instagram,196.56,22484,236,1,81.78,0.0105,0.83,196.56,0.42
2026-02-03,Campana_BOFU_3,OUTCOME_LEADS,instagram,165.19,17796,441,8,698.72,0.0248,0.37,20.65,4.23
2026-03-13,Campana_BOFU_3,CONVERSIONS,audience_network,191.95,9370,111,2,52.6,0.0118,1.73,95.98,0.27
2026-02-08,Campana_BOFU_2,OUTCOME_TRAFFIC,instagram,243.44,24858,702,11,379.04,0.0282,0.35,22.13,1.56
2026-01-26,Campana_MOFU_2,OUTCOME_TRAFFIC,facebook,116.36,5424,129,1,40.39,0.0238,0.9,116.36,0.35
2026-02-03,Campana_MOFU_1,CONVERSIONS,facebook,266.52,15356,429,9,541.62,0.0279,0.62,29.61,2.03
2026-02-23,Campana_BOFU_1,OUTCOME_TRAFFIC,instagram,103.85,5798,102,2,112.42,0.0176,1.02,51.92,1.08
2026-01-03,Campana_BOFU_1,CONVERSIONS,instagram,141.58,6289,203,4,254.48,0.0323,0.7,35.4,1.8
2026-02-19,Campana_BOFU_1,OUTCOME_LEADS,facebook,216.81,20318,664,6,521.38,0.0327,0.33,36.14,2.4
2026-01-12,Campana_MOFU_1,OUTCOME_TRAFFIC,instagram,251.18,29696,538,3,196.48,0.0181,0.47,83.73,0.78
2026-03-06,Campana_BOFU_1,OUTCOME_LEADS,facebook,146.54,21038,434,7,599.78,0.0206,0.34,20.93,4.09
2026-02-23,Campana_BOFU_2,OUTCOME_LEADS,audience_network,240.01,31580,1092,16,696.82,0.0346,0.22,15.0,2.9
2026-01-05,Campana_BOFU_1,OUTCOME_TRAFFIC,audience_network,201.98,17084,580,11,481.95,0.0339,0.35,18.36,2.39
2026-02-26,Campana_MOFU_1,CONVERSIONS,facebook,307.94,17421,559,13,604.62,0.0321,0.55,23.69,1.96
2026-01-17,Campana_MOFU_2,OUTCOME_TRAFFIC,instagram,333.69,17553,240,2,86.57,0.0137,1.39,166.84,0.26
2026-02-16,Campana_MOFU_1,OUTCOME_TRAFFIC,instagram,417.4,32216,347,5,222.32,0.0108,1.2,83.48,0.53
2026-01-23,Campana_BOFU_2,OUTCOME_LEADS,audience_network,374.07,42577,524,8,520.47,0.0123,0.71,46.76,1.39
2026-03-20,Campana_BOFU_1,CONVERSIONS,audience_network,290.39,12581,312,8,260.2,0.0248,0.93,36.3,0.9
2026-03-26,Campana_BOFU_3,OUTCOME_LEADS,audience_network,191.81,9281,195,3,252.01,0.021,0.98,63.94,1.31
2026-01-14,Campana_BOFU_2,OUTCOME_TRAFFIC,audience_network,359.22,36590,1088,19,832.1,0.0297,0.33,18.91,2.32
2026-03-07,Campana_BOFU_3,CONVERSIONS,audience_network,261.84,19891,677,24,1223.47,0.034,0.39,10.91,4.67
2026-03-16,Campana_BOFU_3,OUTCOME_TRAFFIC,audience_network,77.23,12324,287,5,341.43,0.0233,0.27,15.45,4.42
2026-02-20,Campana_MOFU_2,OUTCOME_LEADS,facebook,429.69,18552,505,8,547.01,0.0272,0.85,53.71,1.27
2026-02-07,Campana_BOFU_1,OUTCOME_LEADS,facebook,347.84,22853,274,4,144.82,0.012,1.27,86.96,0.42
2026-03-05,Campana_MOFU_2,OUTCOME_TRAFFIC,facebook,51.45,2824,80,1,42.31,0.0283,0.64,51.45,0.82
2026-02-07,Campana_BOFU_1,OUTCOME_TRAFFIC,instagram,370.75,15071,324,3,221.93,0.0215,1.14,123.58,0.6
2026-02-19,Campana_BOFU_2,OUTCOME_LEADS,facebook,386.18,17343,185,1,42.08,0.0107,2.09,386.18,0.11
2026-03-23,Campana_MOFU_1,CONVERSIONS,instagram,21.93,1238,42,3,210.87,0.0339,0.52,7.31,9.62
2026-01-30,Campana_BOFU_1,OUTCOME_TRAFFIC,facebook,117.52,6008,189,1,81.33,0.0315,0.62,117.52,0.69
2026-03-20,Campana_BOFU_2,CONVERSIONS,audience_network,200.98,22192,597,39,1243.19,0.0269,0.34,5.15,6.19
2026-02-20,Campana_BOFU_1,CONVERSIONS,facebook,98.38,6551,116,4,237.61,0.0177,0.85,24.6,2.42
2026-03-04,Campana_MOFU_3,OUTCOME_TRAFFIC,facebook,229.45,15331,325,5,395.38,0.0212,0.71,45.89,1.72
2026-02-21,Campana_BOFU_2,CONVERSIONS,facebook,421.53,21294,698,52,3343.46,0.0328,0.6,8.11,7.93
2026-02-07,Campana_BOFU_2,CONVERSIONS,instagram,118.9,4946,80,2,109.89,0.0162,1.49,59.45,0.92
2026-03-29,Campana_BOFU_1,OUTCOME_TRAFFIC,audience_network,251.69,15270,269,3,263.28,0.0176,0.94,83.9,1.05
2026-03-20,Campana_MOFU_1,CONVERSIONS,facebook,231.42,20583,570,14,954.27,0.0277,0.41,16.53,4.12
2026-01-30,Campana_MOFU_3,OUTCOME_TRAFFIC,instagram,139.45,7066,236,4,251.69,0.0334,0.59,34.86,1.8
2026-02-20,Campana_MOFU_2,OUTCOME_LEADS,facebook,101.22,4476,78,1,45.75,0.0174,1.3,101.22,0.45
2026-03-22,Campana_MOFU_2,OUTCOME_LEADS,facebook,240.86,23042,261,1,62.91,0.0113,0.92,240.86,0.26
2026-01-05,Campana_BOFU_3,CONVERSIONS,audience_network,416.63,25479,389,24,1627.89,0.0153,1.07,17.36,3.91
2026-01-29,Campana_MOFU_1,OUTCOME_LEADS,instagram,244.71,24870,272,2,158.83,0.0109,0.9,122.36,0.65
2026-01-04,Campana_BOFU_1,OUTCOME_TRAFFIC,instagram,145.53,16399,257,2,148.32,0.0157,0.57,72.76,1.02
2026-01-10,Campana_BOFU_2,OUTCOME_TRAFFIC,instagram,151.36,8507,214,3,96.84,0.0252,0.71,50.45,0.64
2026-02-25,Campana_BOFU_3,OUTCOME_LEADS,audience_network,217.87,16926,184,3,227.72,0.0109,1.18,72.62,1.05
2026-01-17,Campana_MOFU_3,OUTCOME_LEADS,instagram,227.01,12698,425,5,300.57,0.0335,0.53,45.4,1.32
2026-03-15,Campana_MOFU_2,OUTCOME_TRAFFIC,instagram,234.83,12412,167,2,179.43,0.0135,1.41,117.42,0.76
2026-01-17,Campana_MOFU_3,CONVERSIONS,instagram,332.52,14529,140,6,229.84,0.0096,2.38,55.42,0.69
2026-03-25,Campana_BOFU_3,CONVERSIONS,facebook,76.85,10972,273,6,476.21,0.0249,0.28,12.81,6.2
2026-03-29,Campana_BOFU_2,OUTCOME_LEADS,instagram,19.35,849,19,0,0.0,0.0224,1.02,0.0,0.0
2026-03-10,Campana_MOFU_2,CONVERSIONS,audience_network,62.91,4694,68,1,48.41,0.0145,0.93,62.91,0.77
2026-02-03,Campana_MOFU_3,OUTCOME_TRAFFIC,instagram,55.24,6976,93,1,25.14,0.0133,0.59,55.24,0.46
2026-01-06,Campana_MOFU_3,OUTCOME_LEADS,facebook,415.47,53409,1804,25,627.06,0.0338,0.23,16.62,1.51
2026-02-22,Campana_MOFU_2,OUTCOME_LEADS,audience_network,297.86,38593,1296,11,516.11,0.0336,0.23,27.08,1.73
2026-03-07,Campana_BOFU_2,OUTCOME_LEADS,instagram,68.64,5040,88,1,77.21,0.0175,0.78,68.64,1.12
2026-03-18,Campana_MOFU_3,OUTCOME_TRAFFIC,audience_network,177.41,19985,590,9,336.37,0.0295,0.3,19.71,1.9
2026-02-12,Campana_MOFU_3,OUTCOME_TRAFFIC,audience_network,288.27,34705,1201,20,1007.31,0.0346,0.24,14.41,3.49
2026-03-16,Campana_MOFU_3,CONVERSIONS,audience_network,233.01,17530,600,17,816.34,0.0342,0.39,13.71,3.5
2026-01-23,Campana_BOFU_3,OUTCOME_TRAFFIC,audience_network,304.64,30178,421,6,345.11,0.014,0.72,50.77,1.13
2026-02-24,Campana_BOFU_3,OUTCOME_LEADS,facebook,87.55,4139,113,0,0.0,0.0273,0.77,0.0,0.0
2026-03-21,Campana_BOFU_3,OUTCOME_TRAFFIC,audience_network,139.92,11443,127,1,27.42,0.0111,1.1,139.92,0.2
2026-03-16,Campana_MOFU_1,CONVERSIONS,audience_network,378.79,37527,422,30,1055.39,0.0112,0.9,12.63,2.79
2026-01-16,Campana_BOFU_1,OUTCOME_LEADS,audience_network,407.82,58542,1833,18,1502.43,0.0313,0.22,22.66,3.68
2026-01-08,Campana_BOFU_3,OUTCOME_LEADS,instagram,418.84,57795,1319,18,1213.69,0.0228,0.32,23.27,2.9
2026-01-04,Campana_MOFU_2,OUTCOME_LEADS,facebook,382.0,39365,1193,16,1192.68,0.0303,0.32,23.88,3.12
2026-01-04,Campana_BOFU_3,CONVERSIONS,instagram,262.43,11670,229,17,924.7,0.0196,1.15,15.44,3.52
2026-02-25,Campana_BOFU_3,OUTCOME_LEADS,audience_network,327.27,13164,353,3,206.05,0.0268,0.93,109.09,0.63
2026-01-25,Campana_MOFU_3,OUTCOME_LEADS,instagram,22.71,1172,10,0,0.0,0.0085,2.27,0.0,0.0
2026-03-08,Campana_MOFU_3,OUTCOME_LEADS,instagram,234.2,37431,666,9,721.43,0.0178,0.35,26.02,3.08
2026-03-08,Campana_BOFU_1,OUTCOME_TRAFFIC,instagram,306.77,27588,427,8,576.24,0.0155,0.72,38.35,1.88
2026-01-27,Campana_MOFU_2,OUTCOME_LEADS,facebook,51.7,2718,73,0,0.0,0.0269,0.71,0.0,0.0
2026-02-01,Campana_MOFU_1,CONVERSIONS,audience_network,50.44,5214,175,7,387.34,0.0336,0.29,7.21,7.68
2026-02-19,Campana_BOFU_1,CONVERSIONS,facebook,440.83,33043,502,22,684.99,0.0152,0.88,20.04,1.55
2026-03-02,Campana_BOFU_1,OUTCOME_LEADS,facebook,139.53,13037,331,4,314.37,0.0254,0.42,34.88,2.25
2026-02-20,Campana_MOFU_1,OUTCOME_TRAFFIC,instagram,195.15,10132,154,3,109.19,0.0152,1.27,65.05,0.56
2026-01-19,Campana_BOFU_3,OUTCOME_TRAFFIC,audience_network,415.54,17030,384,4,345.7,0.0225,1.08,103.88,0.83
2026-01-21,Campana_MOFU_1,CONVERSIONS,facebook,250.59,13953,208,14,925.23,0.0149,1.2,17.9,3.69
2026-01-05,Campana_BOFU_1,OUTCOME_LEADS,facebook,162.19,6821,222,1,27.56,0.0325,0.73,162.19,0.17
2026-03-23,Campana_MOFU_2,CONVERSIONS,audience_network,427.28,60863,661,20,1397.22,0.0109,0.65,21.36,3.27
2026-02-11,Campana_BOFU_3,OUTCOME_TRAFFIC,audience_network,214.93,11979,276,4,172.74,0.023,0.78,53.73,0.8
2026-03-02,Campana_BOFU_2,OUTCOME_LEADS,instagram,297.2,14996,376,2,107.58,0.0251,0.79,148.6,0.36
2026-01-22,Campana_MOFU_3,OUTCOME_LEADS,audience_network,158.35,11018,343,5,411.79,0.0311,0.46,31.67,2.6
2026-01-21,Campana_MOFU_2,OUTCOME_LEADS,facebook,302.25,18971,163,1,44.45,0.0086,1.85,302.25,0.15
2026-03-11,Campana_MOFU_1,OUTCOME_LEADS,audience_network,168.22,7552,141,1,52.61,0.0187,1.19,168.22,0.31
2026-01-01,Campana_MOFU_1,CONVERSIONS,audience_network,346.44,22211,770,36,1036.28,0.0347,0.45,9.62,2.99
2026-01-05,Campana_MOFU_3,OUTCOME_LEADS,facebook,83.25,3468,99,0,0.0,0.0285,0.84,0.0,0.0
2026-01-12,Campana_BOFU_2,OUTCOME_LEADS,audience_network,424.46,18656,408,6,369.24,0.0219,1.04,70.74,0.87
2026-03-31,Campana_MOFU_2,OUTCOME_TRAFFIC,facebook,430.17,19026,515,8,331.25,0.0271,0.84,53.77,0.77
2026-02-15,Campana_MOFU_1,OUTCOME_TRAFFIC,instagram,273.95,16863,576,7,203.94,0.0342,0.48,39.14,0.74
2026-02-03,Campana_MOFU_3,OUTCOME_LEADS,instagram,448.63,31645,526,9,336.88,0.0166,0.85,49.85,0.75
2026-02-18,Campana_BOFU_1,CONVERSIONS,audience_network,115.22,6058,209,12,988.89,0.0345,0.55,9.6,8.58
2026-03-19,Campana_BOFU_3,OUTCOME_LEADS,audience_network,367.99,52183,1175,7,599.99,0.0225,0.31,52.57,1.63
2026-03-31,Campana_MOFU_1,OUTCOME_TRAFFIC,audience_network,110.56,7607,224,2,134.49,0.0294,0.49,55.28,1.22
2026-02-14,Campana_MOFU_1,CONVERSIONS,facebook,65.92,4110,46,2,112.72,0.0112,1.43,32.96,1.71
2026-01-27,Campana_BOFU_3,OUTCOME_TRAFFIC,audience_network,99.76,6505,218,2,105.17,0.0335,0.46,49.88,1.05
2026-03-14,Campana_BOFU_1,CONVERSIONS,facebook,145.03,10505,145,11,368.4,0.0138,1.0,13.18,2.54
2026-01-26,Campana_BOFU_1,OUTCOME_TRAFFIC,audience_network,243.08,10004,244,4,318.69,0.0244,1.0,60.77,1.31
2026-02-16,Campana_BOFU_1,OUTCOME_TRAFFIC,audience_network,139.74,8401,130,1,85.01,0.0155,1.07,139.74,0.61
2026-03-27,Campana_BOFU_1,OUTCOME_LEADS,audience_network,54.53,2452,61,0,0.0,0.0249,0.89,0.0,0.0
2026-02-25,Campana_BOFU_1,OUTCOME_TRAFFIC,instagram,113.16,11288,331,2,58.67,0.0293,0.34,56.58,0.52
2026-03-04,Campana_BOFU_1,CONVERSIONS,audience_network,49.81,3882,121,4,130.03,0.0312,0.41,12.45,2.61
2026-02-17,Campana_MOFU_3,CONVERSIONS,instagram,47.8,4443,115,8,439.17,0.0259,0.42,5.98,9.19
2026-03-02,Campana_BOFU_3,OUTCOME_LEADS,instagram,365.16,14978,228,2,61.2,0.0152,1.6,182.58,0.17
2026-03-22,Campana_BOFU_1,OUTCOME_TRAFFIC,instagram,77.83,5405,91,1,63.07,0.0168,0.86,77.83,0.81
2026-01-26,Campana_MOFU_1,OUTCOME_TRAFFIC,instagram,26.26,2299,52,0,0.0,0.0226,0.5,0.0,0.0
2026-02-05,Campana_MOFU_1,CONVERSIONS,instagram,119.47,9835,127,6,210.39,0.0129,0.94,19.91,1.76
2026-01-01,Campana_MOFU_1,OUTCOME_LEADS,facebook,258.65,19385,375,5,126.91,0.0193,0.69,51.73,0.49
2026-01-08,Campana_MOFU_3,CONVERSIONS,facebook,439.02,20243,194,8,681.3,0.0096,2.26,54.88,1.55
2026-02-21,Campana_BOFU_3,CONVERSIONS,audience_network,424.73,21181,218,13,671.71,0.0103,1.95,32.67,1.58
2026-03-20,Campana_BOFU_3,CONVERSIONS,facebook,139.84,13010,229,7,491.28,0.0176,0.61,19.98,3.51
2026-02-16,Campana_BOFU_3,OUTCOME_TRAFFIC,facebook,340.81,30500,340,2,169.7,0.0111,1.0,170.4,0.5
2026-02-25,Campana_BOFU_1,CONVERSIONS,facebook,274.43,21184,631,32,1042.84,0.0298,0.43,8.58,3.8
2026-03-27,Campana_BOFU_3,OUTCOME_LEADS,audience_network,99.98,13072,318,1,68.73,0.0243,0.31,99.98,0.69
2026-01-14,Campana_BOFU_2,OUTCOME_LEADS,facebook,101.86,7802,168,2,64.72,0.0215,0.61,50.93,0.64
2026-03-31,Campana_MOFU_2,OUTCOME_LEADS,instagram,354.08,17208,589,5,148.11,0.0342,0.6,70.82,0.42
2026-01-28,Campana_MOFU_1,OUTCOME_LEADS,instagram,319.29,23089,270,4,236.41,0.0117,1.18,79.82,0.74
2026-03-28,Campana_BOFU_2,CONVERSIONS,audience_network,270.51,35487,714,46,3524.46,0.0201,0.38,5.88,13.03
2026-03-19,Campana_MOFU_3,OUTCOME_TRAFFIC,audience_network,231.43,21041,579,4,331.98,0.0275,0.4,57.86,1.43
2026-03-29,Campana_BOFU_2,OUTCOME_TRAFFIC,audience_network,391.27,32358,414,3,156.5,0.0128,0.95,130.42,0.4
2026-01-02,Campana_BOFU_2,OUTCOME_TRAFFIC,instagram,43.53,2191,50,0,0.0,0.0228,0.87,0.0,0.0
2026-01-26,Campana_BOFU_3,OUTCOME_LEADS,facebook,339.71,14784,420,4,293.55,0.0284,0.81,84.93,0.86
2026-01-14,Campana_BOFU_2,CONVERSIONS,instagram,136.43,7462,235,5,394.96,0.0315,0.58,27.29,2.89
2026-02-28,Campana_MOFU_2,CONVERSIONS,instagram,256.55,16010,411,13,1055.42,0.0257,0.62,19.73,4.11
2026-02-25,Campana_BOFU_3,CONVERSIONS,facebook,245.36,18018,288,17,654.61,0.016,0.85,14.43,2.67
2026-01-07,Campana_BOFU_2,OUTCOME_TRAFFIC,instagram,109.73,5816,172,2,146.31,0.0296,0.64,54.86,1.33
2026-01-03,Campana_BOFU_3,CONVERSIONS,facebook,366.85,31626,740,47,2332.71,0.0234,0.5,7.81,6.36
2026-01-23,Campana_BOFU_1,OUTCOME_LEADS,instagram,385.3,18199,276,2,79.55,0.0152,1.4,192.65,0.21
2026-01-18,Campana_MOFU_2,CONVERSIONS,facebook,205.82,20283,233,4,140.03,0.0115,0.88,51.46,0.68
2026-02-07,Campana_MOFU_3,OUTCOME_TRAFFIC,audience_network,218.84,12697,405,7,514.31,0.0319,0.54,31.26,2.35
2026-01-15,Campana_MOFU_2,CONVERSIONS,instagram,357.16,56436,1289,92,5135.13,0.0228,0.28,3.88,14.38
2026-03-05,Campana_MOFU_1,OUTCOME_LEADS,audience_network,421.05,33556,414,5,431.73,0.0123,1.02,84.21,1.03
2026-03-30,Campana_BOFU_2,CONVERSIONS,audience_network,207.23,23781,680,45,2994.94,0.0286,0.3,4.61,14.45
2026-01-28,Campana_MOFU_2,OUTCOME_LEADS,facebook,398.76,27995,789,15,1081.81,0.0282,0.51,26.58,2.71
2026-03-15,Campana_BOFU_2,OUTCOME_LEADS,facebook,270.5,29054,987,7,255.79,0.034,0.27,38.64,0.95
2026-02-08,Campana_BOFU_2,OUTCOME_TRAFFIC,facebook,139.78,12338,151,1,43.54,0.0122,0.93,139.78,0.31
2026-02-26,Campana_BOFU_1,OUTCOME_LEADS,facebook,258.51,16276,398,3,131.01,0.0245,0.65,86.17,0.51
2026-01-17,Campana_MOFU_2,OUTCOME_LEADS,instagram,277.48,13009,159,0,0.0,0.0122,1.75,0.0,0.0
2026-03-27,Campana_BOFU_2,OUTCOME_LEADS,instagram,75.15,5331,122,1,42.84,0.0229,0.62,75.15,0.57
2026-03-31,Campana_MOFU_1,OUTCOME_LEADS,audience_network,423.34,19878,615,8,629.46,0.0309,0.69,52.92,1.49
2026-02-13,Campana_MOFU_3,CONVERSIONS,facebook,152.86,10272,161,12,544.02,0.0157,0.95,12.74,3.56
2026-01-25,Campana_BOFU_3,CONVERSIONS,facebook,57.93,3404,84,3,179.41,0.0247,0.69,19.31,3.1
2026-01-17,Campana_BOFU_1,OUTCOME_TRAFFIC,facebook,200.45,16243,268,4,113.54,0.0165,0.75,50.11,0.57
2026-01-13,Campana_BOFU_1,OUTCOME_TRAFFIC,facebook,236.28,33564,753,14,893.83,0.0224,0.31,16.88,3.78
2026-03-25,Campana_MOFU_3,OUTCOME_TRAFFIC,instagram,420.48,20377,574,4,115.58,0.0282,0.73,105.12,0.27
2026-01-25,Campana_BOFU_2,CONVERSIONS,facebook,141.12,6355,117,4,343.14,0.0184,1.21,35.28,2.43
2026-03-09,Campana_MOFU_2,OUTCOME_LEADS,audience_network,174.49,9823,120,2,168.92,0.0122,1.45,87.24,0.97
2026-01-10,Campana_BOFU_1,OUTCOME_LEADS,instagram,339.18,21501,364,6,270.85,0.0169,0.93,56.53,0.8
2026-03-08,Campana_MOFU_2,CONVERSIONS,instagram,46.2,4481,148,11,833.62,0.033,0.31,4.2,18.04
2026-01-18,Campana_BOFU_1,OUTCOME_LEADS,audience_network,236.05,11817,411,5,245.35,0.0348,0.57,47.21,1.04
2026-03-27,Campana_MOFU_3,CONVERSIONS,audience_network,369.34,35362,474,29,1318.68,0.0134,0.78,12.74,3.57
2026-02-03,Campana_BOFU_2,CONVERSIONS,facebook,233.84,30868,763,30,2419.05,0.0247,0.31,7.79,10.34
2026-01-08,Campana_BOFU_1,OUTCOME_LEADS,instagram,98.13,4762,72,1,38.38,0.0151,1.36,98.13,0.39
2026-02-09,Campana_MOFU_1,OUTCOME_TRAFFIC,instagram,425.29,17942,243,2,69.42,0.0135,1.75,212.64,0.16
2026-03-24,Campana_BOFU_2,OUTCOME_TRAFFIC,facebook,237.15,15742,480,7,394.95,0.0305,0.49,33.88,1.67
2026-02-11,Campana_BOFU_2,OUTCOME_LEADS,instagram,154.23,11005,156,1,27.46,0.0142,0.99,154.23,0.18
2026-02-10,Campana_BOFU_3,OUTCOME_TRAFFIC,audience_network,169.97,15165,449,4,334.87,0.0296,0.38,42.49,1.97
2026-01-06,Campana_MOFU_1,CONVERSIONS,audience_network,418.25,22829,416,27,1854.93,0.0182,1.01,15.49,4.43
2026-02-21,Campana_MOFU_1,OUTCOME_LEADS,audience_network,368.3,16402,207,3,246.18,0.0126,1.78,122.77,0.67
2026-01-26,Campana_BOFU_3,CONVERSIONS,facebook,190.32,10380,278,16,733.39,0.0268,0.68,11.9,3.85
2026-03-05,Campana_MOFU_2,OUTCOME_TRAFFIC,instagram,71.01,2958,61,0,0.0,0.0206,1.16,0.0,0.0
2026-02-28,Campana_MOFU_2,OUTCOME_LEADS,instagram,344.38,29166,700,9,227.76,0.024,0.49,38.26,0.66
2026-02-25,Campana_BOFU_1,CONVERSIONS,instagram,78.95,4047,138,9,367.12,0.0341,0.57,8.77,4.65
2026-02-28,Campana_BOFU_3,OUTCOME_TRAFFIC,facebook,371.44,28935,653,9,636.04,0.0226,0.57,41.27,1.71
2026-03-11,Campana_BOFU_3,CONVERSIONS,audience_network,153.78,6299,209,15,786.28,0.0332,0.74,10.25,5.11
2026-02-02,Campana_MOFU_3,OUTCOME_LEADS,facebook,384.94,27748,306,1,62.51,0.011,1.26,384.94,0.16
2026-02-22,Campana_MOFU_3,CONVERSIONS,instagram,142.24,15491,282,11,369.72,0.0182,0.5,12.93,2.6
2026-01-22,Campana_BOFU_3,OUTCOME_LEADS,instagram,248.42,10454,319,5,223.54,0.0305,0.78,49.68,0.9
2026-01-21,Campana_MOFU_2,CONVERSIONS,instagram,28.51,1188,17,0,0.0,0.0143,1.68,0.0,0.0
2026-03-11,Campana_MOFU_3,OUTCOME_LEADS,instagram,404.88,29584,600,9,705.19,0.0203,0.67,44.99,1.74
2026-03-11,Campana_BOFU_1,OUTCOME_TRAFFIC,facebook,96.25,4416,126,1,49.49,0.0285,0.76,96.25,0.51
2026-01-04,Campana_BOFU_3,OUTCOME_TRAFFIC,facebook,59.06,3134,46,0,0.0,0.0147,1.28,0.0,0.0
2026-03-16,Campana_BOFU_1,OUTCOME_TRAFFIC,instagram,98.31,6309,197,1,30.1,0.0312,0.5,98.31,0.31
2026-03-03,Campana_BOFU_3,CONVERSIONS,instagram,336.91,28347,884,54,2760.37,0.0312,0.38,6.24,8.19
2026-03-03,Campana_BOFU_3,OUTCOME_LEADS,facebook,16.27,2633,78,0,0.0,0.0296,0.21,0.0,0.0
2026-01-24,Campana_MOFU_3,CONVERSIONS,facebook,208.89,9544,144,6,359.7,0.0151,1.45,34.82,1.72
2026-02-24,Campana_MOFU_1,CONVERSIONS,facebook,186.74,10218,123,9,449.09,0.012,1.52,20.75,2.4
2026-01-09,Campana_MOFU_1,CONVERSIONS,instagram,104.26,6834,216,11,939.86,0.0316,0.48,9.48,9.01
2026-01-03,Campana_BOFU_1,OUTCOME_LEADS,instagram,67.09,3157,46,0,0.0,0.0146,1.46,0.0,0.0
2026-01-31,Campana_BOFU_2,CONVERSIONS,audience_network,241.3,12791,371,10,640.62,0.029,0.65,24.13,2.65
2026-02-09,Campana_BOFU_3,OUTCOME_LEADS,instagram,82.36,8691,155,1,65.51,0.0178,0.53,82.36,0.8
2026-02-05,Campana_MOFU_2,OUTCOME_LEADS,facebook,94.44,5586,140,1,72.99,0.0251,0.67,94.44,0.77
2026-01-24,Campana_MOFU_1,OUTCOME_TRAFFIC,facebook,225.62,12319,104,1,65.21,0.0084,2.17,225.62,0.29
2026-01-06,Campana_BOFU_2,CONVERSIONS,audience_network,54.56,2317,61,1,48.19,0.0263,0.89,54.56,0.88
2026-03-07,Campana_MOFU_2,OUTCOME_LEADS,facebook,33.99,3238,103,0,0.0,0.0318,0.33,0.0,0.0
2026-03-25,Campana_MOFU_2,OUTCOME_LEADS,audience_network,281.83,25686,251,1,40.91,0.0098,1.12,281.83,0.15
2026-03-16,Campana_MOFU_2,OUTCOME_TRAFFIC,instagram,107.24,13410,356,2,152.4,0.0265,0.3,53.62,1.42
2026-01-04,Campana_MOFU_1,OUTCOME_TRAFFIC,facebook,19.7,1019,11,0,0.0,0.0108,1.79,0.0,0.0
2026-03-20,Campana_MOFU_1,OUTCOME_LEADS,audience_network,193.36,12756,126,1,46.09,0.0099,1.53,193.36,0.24
2026-01-06,Campana_BOFU_3,OUTCOME_LEADS,audience_network,411.54,24898,553,9,227.97,0.0222,0.74,45.73,0.55
2026-02-20,Campana_BOFU_3,CONVERSIONS,facebook,287.42,15360,175,13,437.03,0.0114,1.64,22.11,1.52
2026-03-03,Campana_MOFU_1,OUTCOME_LEADS,facebook,328.18,16148,224,2,130.32,0.0139,1.47,164.09,0.4
2026-02-26,Campana_MOFU_1,OUTCOME_TRAFFIC,facebook,119.08,10510,316,4,232.22,0.0301,0.38,29.77,1.95
2026-03-07,Campana_MOFU_3,OUTCOME_TRAFFIC,instagram,151.78,8908,246,2,131.8,0.0276,0.62,75.89,0.87
2026-03-20,Campana_BOFU_3,CONVERSIONS,audience_network,286.52,33673,956,34,2849.97,0.0284,0.3,8.43,9.95
2026-03-16,Campana_BOFU_3,OUTCOME_TRAFFIC,audience_network,366.37,28686,307,5,337.1,0.0107,1.19,73.27,0.92
2026-01-08,Campana_BOFU_2,OUTCOME_LEADS,facebook,116.63,8462,245,4,159.31,0.029,0.48,29.16,1.37
2026-01-26,Campana_BOFU_3,OUTCOME_TRAFFIC,instagram,180.27,11602,282,3,169.85,0.0243,0.64,60.09,0.94
2026-02-20,Campana_MOFU_3,CONVERSIONS,facebook,367.25,16075,242,8,442.06,0.0151,1.52,45.91,1.2
2026-02-14,Campana_MOFU_3,OUTCOME_LEADS,audience_network,175.52,20469,450,3,257.13,0.022,0.39,58.51,1.46
2026-02-13,Campana_MOFU_3,CONVERSIONS,audience_network,205.8,10065,194,14,1171.31,0.0193,1.06,14.7,5.69
2026-01-05,Campana_MOFU_2,OUTCOME_LEADS,instagram,355.01,44561,485,3,77.21,0.0109,0.73,118.34,0.22
2026-03-11,Campana_BOFU_1,OUTCOME_TRAFFIC,instagram,205.83,12647,431,3,242.4,0.0341,0.48,68.61,1.18
2026-01-26,Campana_BOFU_2,CONVERSIONS,instagram,164.28,9854,98,6,261.03,0.0099,1.68,27.38,1.59
2026-03-09,Campana_BOFU_3,OUTCOME_TRAFFIC,facebook,281.73,12517,323,3,234.79,0.0258,0.87,93.91,0.83
2026-01-19,Campana_MOFU_1,OUTCOME_LEADS,audience_network,374.07,52954,1110,14,503.9,0.021,0.34,26.72,1.35
2026-03-25,Campana_MOFU_1,CONVERSIONS,facebook,412.74,37384,1211,47,2862.39,0.0324,0.34,8.78,6.94
2026-01-20,Campana_MOFU_1,OUTCOME_TRAFFIC,instagram,328.36,22731,339,2,137.09,0.0149,0.97,164.18,0.42
2026-01-12,Campana_MOFU_2,OUTCOME_LEADS,audience_network,49.47,5132,94,1,48.07,0.0183,0.53,49.47,0.97
2026-02-16,Campana_MOFU_2,OUTCOME_LEADS,instagram,79.14,12054,119,1,53.05,0.0099,0.67,79.14,0.67
2026-01-01,Campana_MOFU_2,CONVERSIONS,facebook,278.62,16549,156,4,261.86,0.0094,1.79,69.66,0.94
2026-03-31,Campana_BOFU_1,OUTCOME_LEADS,facebook,252.02,22132,743,13,935.41,0.0336,0.34,19.39,3.71
2026-01-14,Campana_MOFU_3,CONVERSIONS,facebook,229.36,25333,871,25,1417.14,0.0344,0.26,9.17,6.18
2026-03-05,Campana_MOFU_2,OUTCOME_LEADS,instagram,363.7,20230,321,3,205.64,0.0159,1.13,121.23,0.57
2026-02-07,Campana_MOFU_1,OUTCOME_LEADS,audience_network,325.55,21530,406,2,107.44,0.0189,0.8,162.78,0.33
2026-02-06,Campana_BOFU_1,OUTCOME_TRAFFIC,audience_network,17.35,927,31,0,0.0,0.0334,0.56,0.0,0.0
2026-01-11,Campana_BOFU_2,CONVERSIONS,facebook,122.01,7573,159,9,264.79,0.021,0.77,13.56,2.17
2026-03-18,Campana_BOFU_3,OUTCOME_LEADS,instagram,302.79,28863,307,4,243.96,0.0106,0.99,75.7,0.81
2026-01-03,Campana_BOFU_3,CONVERSIONS,audience_network,240.54,18949,271,6,254.72,0.0143,0.89,40.09,1.06
2026-02-02,Campana_BOFU_1,OUTCOME_TRAFFIC,audience_network,425.66,31462,841,10,583.17,0.0267,0.51,42.57,1.37
2026-01-06,Campana_MOFU_3,OUTCOME_TRAFFIC,facebook,284.51,15105,437,5,334.87,0.0289,0.65,56.9,1.18
2026-02-19,Campana_BOFU_3,CONVERSIONS,instagram,48.06,2543,32,2,141.78,0.0126,1.5,24.03,2.95
2026-01-10,Campana_MOFU_1,CONVERSIONS,audience_network,384.58,25430,459,22,1378.16,0.018,0.84,17.48,3.58
2026-01-05,Campana_MOFU_2,OUTCOME_TRAFFIC,instagram,240.84,20649,400,3,126.29,0.0194,0.6,80.28,0.52
2026-01-23,Campana_BOFU_3,OUTCOME_LEADS,facebook,271.13,35233,691,5,445.81,0.0196,0.39,54.23,1.64
2026-01-10,Campana_BOFU_2,OUTCOME_LEADS,instagram,156.56,20071,689,6,315.29,0.0343,0.23,26.09,2.01
2026-02-13,Campana_MOFU_2,OUTCOME_LEADS,instagram,248.41,22010,212,1,83.18,0.0096,1.17,248.41,0.33
2026-01-02,Campana_MOFU_3,OUTCOME_TRAFFIC,facebook,146.11,8165,98,1,57.79,0.012,1.49,146.11,0.4
2026-01-13,Campana_BOFU_3,OUTCOME_TRAFFIC,audience_network,437.24,46820,1129,12,648.42,0.0241,0.39,36.44,1.48
2026-02-09,Campana_MOFU_1,CONVERSIONS,facebook,147.6,7739,242,9,337.9,0.0313,0.61,16.4,2.29
2026-01-02,Campana_BOFU_2,OUTCOME_TRAFFIC,facebook,96.79,5257,63,0,0.0,0.012,1.54,0.0,0.0
2026-03-25,Campana_BOFU_1,OUTCOME_TRAFFIC,instagram,303.72,16285,256,3,112.72,0.0157,1.19,101.24,0.37
2026-03-06,Campana_BOFU_3,CONVERSIONS,audience_network,241.4,10798,87,1,84.27,0.0081,2.77,241.4,0.35
2026-03-04,Campana_BOFU_2,CONVERSIONS,instagram,342.82,14191,409,28,2084.3,0.0288,0.84,12.24,6.08
2026-03-14,Campana_MOFU_1,CONVERSIONS,facebook,65.58,4050,80,2,128.52,0.0198,0.82,32.79,1.96
2026-01-17,Campana_BOFU_1,CONVERSIONS,audience_network,141.46,5729,194,7,628.32,0.0339,0.73,20.21,4.44
2026-01-09,Campana_MOFU_3,OUTCOME_LEADS,facebook,412.51,31737,573,6,476.28,0.0181,0.72,68.75,1.15
2026-03-16,Campana_BOFU_3,OUTCOME_LEADS,audience_network,160.35,7444,67,1,58.33,0.009,2.39,160.35,0.36
2026-01-15,Campana_MOFU_3,CONVERSIONS,facebook,386.43,44606,1012,20,623.62,0.0227,0.38,19.32,1.61
2026-01-24,Campana_MOFU_1,OUTCOME_LEADS,facebook,206.17,13361,252,3,157.07,0.0189,0.82,68.72,0.76
2026-02-07,Campana_MOFU_2,OUTCOME_TRAFFIC,facebook,366.25,45340,849,8,496.13,0.0187,0.43,45.78,1.35
2026-02-04,Campana_BOFU_2,CONVERSIONS,audience_network,234.07,10414,351,15,868.69,0.0337,0.67,15.6,3.71
2026-02-18,Campana_MOFU_2,CONVERSIONS,facebook,71.46,4310,144,6,277.51,0.0334,0.5,11.91,3.88
2026-03-10,Campana_BOFU_2,CONVERSIONS,facebook,95.88,9342,199,15,1125.4,0.0213,0.48,6.39,11.74
2026-03-03,Campana_BOFU_2,OUTCOME_LEADS,audience_network,139.08,13189,385,2,98.02,0.0292,0.36,69.54,0.7
2026-03-01,Campana_BOFU_1,OUTCOME_LEADS,audience_network,432.21,18243,534,8,342.5,0.0293,0.81,54.03,0.79
2026-02-19,Campana_BOFU_1,CONVERSIONS,instagram,127.86,16805,188,6,345.08,0.0112,0.68,21.31,2.7
2026-03-19,Campana_MOFU_2,OUTCOME_TRAFFIC,instagram,376.38,32570,1029,17,886.79,0.0316,0.37,22.14,2.36
2026-03-16,Campana_BOFU_1,OUTCOME_LEADS,facebook,35.31,1696,25,0,0.0,0.0147,1.41,0.0,0.0
2026-01-09,Campana_BOFU_3,OUTCOME_TRAFFIC,audience_network,264.12,17027,529,6,249.54,0.0311,0.5,44.02,0.94
2026-02-03,Campana_BOFU_1,CONVERSIONS,audience_network,235.94,14706,439,28,1908.1,0.0299,0.54,8.43,8.09
2026-03-17,Campana_BOFU_1,OUTCOME_TRAFFIC,audience_network,185.78,14864,452,4,290.62,0.0304,0.41,46.44,1.56
2026-02-04,Campana_BOFU_2,OUTCOME_TRAFFIC,instagram,322.42,27645,528,4,342.46,0.0191,0.61,80.6,1.06
2026-01-01,Campana_BOFU_3,OUTCOME_TRAFFIC,facebook,307.22,22769,182,1,59.75,0.008,1.69,307.22,0.19
2026-02-09,Campana_BOFU_1,CONVERSIONS,instagram,373.71,21283,425,32,899.5,0.02,0.88,11.68,2.41
2026-03-05,Campana_BOFU_2,CONVERSIONS,instagram,400.82,18731,339,11,800.42,0.0181,1.18,36.44,2.0
2026-01-22,Campana_BOFU_3,OUTCOME_LEADS,instagram,267.4,11537,192,2,74.43,0.0166,1.39,133.7,0.28
2026-03-01,Campana_MOFU_3,CONVERSIONS,audience_network,277.09,23844,762,53,2954.07,0.032,0.36,5.23,10.66
2026-03-05,Campana_MOFU_1,CONVERSIONS,facebook,417.93,17219,225,13,402.97,0.0131,1.86,32.15,0.96
2026-03-13,Campana_BOFU_3,OUTCOME_TRAFFIC,facebook,238.34,12980,415,4,334.31,0.032,0.57,59.58,1.4
